"in.c-mysql.addresses","us-east-1","5150","address1","76668262","KBC.datatype.type","text","keboola.ex-db-mysql","2018-10-23T15:12:21+0200"
"in.c-mysql.addresses","us-east-1","5150","address1","76668263","KBC.datatype.nullable","0","keboola.ex-db-mysql","2018-10-23T15:12:21+0200"
"in.c-mysql.addresses","us-east-1","5150","address1","76668264","KBC.datatype.basetype","STRING","keboola.ex-db-mysql","2018-10-23T15:12:21+0200"
"in.c-mysql.addresses","us-east-1","5150","address1","76668265","KBC.datatype.length","65535","keboola.ex-db-mysql","2018-10-23T15:12:21+0200"
"in.c-mysql.addresses","us-east-1","5150","address1","76668266","KBC.sourceName","address1","keboola.ex-db-mysql","2018-10-23T15:12:21+0200"
"in.c-mysql.addresses","us-east-1","5150","address1","76668267","KBC.sanitizedName","address1","keboola.ex-db-mysql","2018-10-23T15:12:21+0200"
"in.c-mysql.addresses","us-east-1","5150","address1","76668268","KBC.primaryKey","0","keboola.ex-db-mysql","2018-10-23T15:12:21+0200"
"in.c-mysql.addresses","us-east-1","5150","address1","76668269","KBC.ordinalPosition","2","keboola.ex-db-mysql","2018-10-23T15:12:21+0200"
"in.c-mysql.addresses","us-east-1","5150","address2","76668270","KBC.datatype.type","text","keboola.ex-db-mysql","2018-10-23T15:12:21+0200"
"in.c-mysql.addresses","us-east-1","5150","address2","76668271","KBC.datatype.nullable","0","keboola.ex-db-mysql","2018-10-23T15:12:21+0200"
"in.c-mysql.addresses","us-east-1","5150","address2","76668272","KBC.datatype.basetype","STRING","keboola.ex-db-mysql","2018-10-23T15:12:21+0200"
"in.c-mysql.addresses","us-east-1","5150","address2","76668273","KBC.datatype.length","65535","keboola.ex-db-mysql","2018-10-23T15:12:21+0200"
"in.c-mysql.addresses","us-east-1","5150","address2","76668274","KBC.sourceName","address2","keboola.ex-db-mysql","2018-10-23T15:12:21+0200"
"in.c-mysql.addresses","us-east-1","5150","address2","76668275","KBC.sanitizedName","address2","keboola.ex-db-mysql","2018-10-23T15:12:21+0200"
"in.c-mysql.addresses","us-east-1","5150","address2","76668276","KBC.primaryKey","0","keboola.ex-db-mysql","2018-10-23T15:12:21+0200"
"in.c-mysql.addresses","us-east-1","5150","address2","76668277","KBC.ordinalPosition","3","keboola.ex-db-mysql","2018-10-23T15:12:21+0200"
"in.c-mysql.addresses","us-east-1","5150","city","76668286","KBC.datatype.type","text","keboola.ex-db-mysql","2018-10-23T15:12:22+0200"
"in.c-mysql.addresses","us-east-1","5150","city","76668287","KBC.datatype.nullable","0","keboola.ex-db-mysql","2018-10-23T15:12:22+0200"
"in.c-mysql.addresses","us-east-1","5150","city","76668288","KBC.datatype.basetype","STRING","keboola.ex-db-mysql","2018-10-23T15:12:22+0200"
"in.c-mysql.addresses","us-east-1","5150","city","76668289","KBC.datatype.length","65535","keboola.ex-db-mysql","2018-10-23T15:12:22+0200"
"in.c-mysql.addresses","us-east-1","5150","city","76668290","KBC.sourceName","city","keboola.ex-db-mysql","2018-10-23T15:12:22+0200"
"in.c-mysql.addresses","us-east-1","5150","city","76668291","KBC.sanitizedName","city","keboola.ex-db-mysql","2018-10-23T15:12:22+0200"
"in.c-mysql.addresses","us-east-1","5150","city","76668292","KBC.primaryKey","0","keboola.ex-db-mysql","2018-10-23T15:12:22+0200"
"in.c-mysql.addresses","us-east-1","5150","city","76668293","KBC.ordinalPosition","5","keboola.ex-db-mysql","2018-10-23T15:12:22+0200"
"in.c-mysql.addresses","us-east-1","5150","country","76668294","KBC.datatype.type","text","keboola.ex-db-mysql","2018-10-23T15:12:22+0200"
"in.c-mysql.addresses","us-east-1","5150","country","76668295","KBC.datatype.nullable","0","keboola.ex-db-mysql","2018-10-23T15:12:22+0200"
"in.c-mysql.addresses","us-east-1","5150","country","76668296","KBC.datatype.basetype","STRING","keboola.ex-db-mysql","2018-10-23T15:12:22+0200"
"in.c-mysql.addresses","us-east-1","5150","country","76668297","KBC.datatype.length","65535","keboola.ex-db-mysql","2018-10-23T15:12:22+0200"
"in.c-mysql.addresses","us-east-1","5150","country","76668298","KBC.sourceName","country","keboola.ex-db-mysql","2018-10-23T15:12:22+0200"
"in.c-mysql.addresses","us-east-1","5150","country","76668299","KBC.sanitizedName","country","keboola.ex-db-mysql","2018-10-23T15:12:22+0200"
"in.c-mysql.addresses","us-east-1","5150","country","76668300","KBC.primaryKey","0","keboola.ex-db-mysql","2018-10-23T15:12:22+0200"
"in.c-mysql.addresses","us-east-1","5150","country","76668301","KBC.ordinalPosition","6","keboola.ex-db-mysql","2018-10-23T15:12:22+0200"
"in.c-mysql.addresses","us-east-1","5150","id","76668254","KBC.datatype.type","int","keboola.ex-db-mysql","2018-10-23T15:12:21+0200"
"in.c-mysql.addresses","us-east-1","5150","id","76668255","KBC.datatype.nullable","0","keboola.ex-db-mysql","2018-10-23T15:12:21+0200"
"in.c-mysql.addresses","us-east-1","5150","id","76668256","KBC.datatype.basetype","INTEGER","keboola.ex-db-mysql","2018-10-23T15:12:21+0200"
"in.c-mysql.addresses","us-east-1","5150","id","76668257","KBC.datatype.length","10","keboola.ex-db-mysql","2018-10-23T15:12:21+0200"
"in.c-mysql.addresses","us-east-1","5150","id","76668258","KBC.sourceName","id","keboola.ex-db-mysql","2018-10-23T15:12:21+0200"
"in.c-mysql.addresses","us-east-1","5150","id","76668259","KBC.sanitizedName","id","keboola.ex-db-mysql","2018-10-23T15:12:21+0200"
"in.c-mysql.addresses","us-east-1","5150","id","76668260","KBC.primaryKey","0","keboola.ex-db-mysql","2018-10-23T15:12:21+0200"
"in.c-mysql.addresses","us-east-1","5150","id","76668261","KBC.ordinalPosition","1","keboola.ex-db-mysql","2018-10-23T15:12:21+0200"
"in.c-mysql.addresses","us-east-1","5150","postcode","76668278","KBC.datatype.type","text","keboola.ex-db-mysql","2018-10-23T15:12:21+0200"
"in.c-mysql.addresses","us-east-1","5150","postcode","76668279","KBC.datatype.nullable","0","keboola.ex-db-mysql","2018-10-23T15:12:21+0200"
"in.c-mysql.addresses","us-east-1","5150","postcode","76668280","KBC.datatype.basetype","STRING","keboola.ex-db-mysql","2018-10-23T15:12:21+0200"
"in.c-mysql.addresses","us-east-1","5150","postcode","76668281","KBC.datatype.length","65535","keboola.ex-db-mysql","2018-10-23T15:12:21+0200"
"in.c-mysql.addresses","us-east-1","5150","postcode","76668282","KBC.sourceName","postcode","keboola.ex-db-mysql","2018-10-23T15:12:21+0200"
"in.c-mysql.addresses","us-east-1","5150","postcode","76668283","KBC.sanitizedName","postcode","keboola.ex-db-mysql","2018-10-23T15:12:21+0200"
"in.c-mysql.addresses","us-east-1","5150","postcode","76668284","KBC.primaryKey","0","keboola.ex-db-mysql","2018-10-23T15:12:21+0200"
"in.c-mysql.addresses","us-east-1","5150","postcode","76668285","KBC.ordinalPosition","4","keboola.ex-db-mysql","2018-10-23T15:12:21+0200"
"in.c-mysql.order-items","us-east-1","5150","cart_id","76668546","KBC.datatype.type","int","keboola.ex-db-mysql","2018-10-23T15:12:43+0200"
"in.c-mysql.order-items","us-east-1","5150","cart_id","76668547","KBC.datatype.nullable","0","keboola.ex-db-mysql","2018-10-23T15:12:43+0200"
"in.c-mysql.order-items","us-east-1","5150","cart_id","76668548","KBC.datatype.basetype","INTEGER","keboola.ex-db-mysql","2018-10-23T15:12:43+0200"
"in.c-mysql.order-items","us-east-1","5150","cart_id","76668549","KBC.datatype.length","10","keboola.ex-db-mysql","2018-10-23T15:12:43+0200"
"in.c-mysql.order-items","us-east-1","5150","cart_id","76668550","KBC.sourceName","cart_id","keboola.ex-db-mysql","2018-10-23T15:12:43+0200"
"in.c-mysql.order-items","us-east-1","5150","cart_id","76668551","KBC.sanitizedName","cart_id","keboola.ex-db-mysql","2018-10-23T15:12:43+0200"
"in.c-mysql.order-items","us-east-1","5150","cart_id","76668552","KBC.primaryKey","0","keboola.ex-db-mysql","2018-10-23T15:12:43+0200"
"in.c-mysql.order-items","us-east-1","5150","cart_id","76668553","KBC.ordinalPosition","2","keboola.ex-db-mysql","2018-10-23T15:12:43+0200"
"in.c-mysql.order-items","us-east-1","5150","order_id","76668538","KBC.datatype.type","int","keboola.ex-db-mysql","2018-10-23T15:12:43+0200"
"in.c-mysql.order-items","us-east-1","5150","order_id","76668539","KBC.datatype.nullable","0","keboola.ex-db-mysql","2018-10-23T15:12:43+0200"
"in.c-mysql.order-items","us-east-1","5150","order_id","76668540","KBC.datatype.basetype","INTEGER","keboola.ex-db-mysql","2018-10-23T15:12:43+0200"
"in.c-mysql.order-items","us-east-1","5150","order_id","76668541","KBC.datatype.length","10","keboola.ex-db-mysql","2018-10-23T15:12:43+0200"
"in.c-mysql.order-items","us-east-1","5150","order_id","76668542","KBC.sourceName","order_id","keboola.ex-db-mysql","2018-10-23T15:12:43+0200"
"in.c-mysql.order-items","us-east-1","5150","order_id","76668543","KBC.sanitizedName","order_id","keboola.ex-db-mysql","2018-10-23T15:12:43+0200"
"in.c-mysql.order-items","us-east-1","5150","order_id","76668544","KBC.primaryKey","0","keboola.ex-db-mysql","2018-10-23T15:12:43+0200"
"in.c-mysql.order-items","us-east-1","5150","order_id","76668545","KBC.ordinalPosition","1","keboola.ex-db-mysql","2018-10-23T15:12:43+0200"
"in.c-mysql.order-items","us-east-1","5150","product_attribute_id","76668562","KBC.datatype.type","int","keboola.ex-db-mysql","2018-10-23T15:12:43+0200"
"in.c-mysql.order-items","us-east-1","5150","product_attribute_id","76668563","KBC.datatype.nullable","0","keboola.ex-db-mysql","2018-10-23T15:12:43+0200"
"in.c-mysql.order-items","us-east-1","5150","product_attribute_id","76668564","KBC.datatype.basetype","INTEGER","keboola.ex-db-mysql","2018-10-23T15:12:43+0200"
"in.c-mysql.order-items","us-east-1","5150","product_attribute_id","76668565","KBC.datatype.length","10","keboola.ex-db-mysql","2018-10-23T15:12:43+0200"
"in.c-mysql.order-items","us-east-1","5150","product_attribute_id","76668566","KBC.sourceName","product_attribute_id","keboola.ex-db-mysql","2018-10-23T15:12:43+0200"
"in.c-mysql.order-items","us-east-1","5150","product_attribute_id","76668567","KBC.sanitizedName","product_attribute_id","keboola.ex-db-mysql","2018-10-23T15:12:43+0200"
"in.c-mysql.order-items","us-east-1","5150","product_attribute_id","76668568","KBC.primaryKey","0","keboola.ex-db-mysql","2018-10-23T15:12:43+0200"
"in.c-mysql.order-items","us-east-1","5150","product_attribute_id","76668569","KBC.ordinalPosition","4","keboola.ex-db-mysql","2018-10-23T15:12:43+0200"
"in.c-mysql.order-items","us-east-1","5150","product_id","76668554","KBC.datatype.type","int","keboola.ex-db-mysql","2018-10-23T15:12:43+0200"
"in.c-mysql.order-items","us-east-1","5150","product_id","76668555","KBC.datatype.nullable","0","keboola.ex-db-mysql","2018-10-23T15:12:43+0200"
"in.c-mysql.order-items","us-east-1","5150","product_id","76668556","KBC.datatype.basetype","INTEGER","keboola.ex-db-mysql","2018-10-23T15:12:43+0200"
"in.c-mysql.order-items","us-east-1","5150","product_id","76668557","KBC.datatype.length","10","keboola.ex-db-mysql","2018-10-23T15:12:43+0200"
"in.c-mysql.order-items","us-east-1","5150","product_id","76668558","KBC.sourceName","product_id","keboola.ex-db-mysql","2018-10-23T15:12:43+0200"
"in.c-mysql.order-items","us-east-1","5150","product_id","76668559","KBC.sanitizedName","product_id","keboola.ex-db-mysql","2018-10-23T15:12:43+0200"
"in.c-mysql.order-items","us-east-1","5150","product_id","76668560","KBC.primaryKey","0","keboola.ex-db-mysql","2018-10-23T15:12:43+0200"
"in.c-mysql.order-items","us-east-1","5150","product_id","76668561","KBC.ordinalPosition","3","keboola.ex-db-mysql","2018-10-23T15:12:43+0200"
"in.c-mysql.order-items","us-east-1","5150","quantity","76668570","KBC.datatype.type","int","keboola.ex-db-mysql","2018-10-23T15:12:43+0200"
"in.c-mysql.order-items","us-east-1","5150","quantity","76668571","KBC.datatype.nullable","0","keboola.ex-db-mysql","2018-10-23T15:12:43+0200"
"in.c-mysql.order-items","us-east-1","5150","quantity","76668572","KBC.datatype.basetype","INTEGER","keboola.ex-db-mysql","2018-10-23T15:12:43+0200"
"in.c-mysql.order-items","us-east-1","5150","quantity","76668573","KBC.datatype.length","10","keboola.ex-db-mysql","2018-10-23T15:12:43+0200"
"in.c-mysql.order-items","us-east-1","5150","quantity","76668574","KBC.sourceName","quantity","keboola.ex-db-mysql","2018-10-23T15:12:43+0200"
"in.c-mysql.order-items","us-east-1","5150","quantity","76668575","KBC.sanitizedName","quantity","keboola.ex-db-mysql","2018-10-23T15:12:43+0200"
"in.c-mysql.order-items","us-east-1","5150","quantity","76668576","KBC.primaryKey","0","keboola.ex-db-mysql","2018-10-23T15:12:43+0200"
"in.c-mysql.order-items","us-east-1","5150","quantity","76668577","KBC.ordinalPosition","5","keboola.ex-db-mysql","2018-10-23T15:12:43+0200"
"in.c-mysql.orders","us-east-1","5150","currency","76666154","KBC.datatype.type","text","keboola.ex-db-mysql","2018-10-23T15:03:58+0200"
"in.c-mysql.orders","us-east-1","5150","currency","76666155","KBC.datatype.nullable","0","keboola.ex-db-mysql","2018-10-23T15:03:58+0200"
"in.c-mysql.orders","us-east-1","5150","currency","76666156","KBC.datatype.basetype","STRING","keboola.ex-db-mysql","2018-10-23T15:03:58+0200"
"in.c-mysql.orders","us-east-1","5150","currency","76666157","KBC.datatype.length","65535","keboola.ex-db-mysql","2018-10-23T15:03:58+0200"
"in.c-mysql.orders","us-east-1","5150","currency","76666158","KBC.sourceName","currency","keboola.ex-db-mysql","2018-10-23T15:03:58+0200"
"in.c-mysql.orders","us-east-1","5150","currency","76666159","KBC.sanitizedName","currency","keboola.ex-db-mysql","2018-10-23T15:03:58+0200"
"in.c-mysql.orders","us-east-1","5150","currency","76666160","KBC.primaryKey","0","keboola.ex-db-mysql","2018-10-23T15:03:58+0200"
"in.c-mysql.orders","us-east-1","5150","currency","76666161","KBC.ordinalPosition","7","keboola.ex-db-mysql","2018-10-23T15:03:58+0200"
"in.c-mysql.orders","us-east-1","5150","current_state_id","76666146","KBC.datatype.type","int","keboola.ex-db-mysql","2018-10-23T15:03:58+0200"
"in.c-mysql.orders","us-east-1","5150","current_state_id","76666147","KBC.datatype.nullable","0","keboola.ex-db-mysql","2018-10-23T15:03:58+0200"
"in.c-mysql.orders","us-east-1","5150","current_state_id","76666148","KBC.datatype.basetype","INTEGER","keboola.ex-db-mysql","2018-10-23T15:03:58+0200"
"in.c-mysql.orders","us-east-1","5150","current_state_id","76666149","KBC.datatype.length","10","keboola.ex-db-mysql","2018-10-23T15:03:58+0200"
"in.c-mysql.orders","us-east-1","5150","current_state_id","76666150","KBC.sourceName","current_state_id","keboola.ex-db-mysql","2018-10-23T15:03:58+0200"
"in.c-mysql.orders","us-east-1","5150","current_state_id","76666151","KBC.sanitizedName","current_state_id","keboola.ex-db-mysql","2018-10-23T15:03:58+0200"
"in.c-mysql.orders","us-east-1","5150","current_state_id","76666152","KBC.primaryKey","0","keboola.ex-db-mysql","2018-10-23T15:03:58+0200"
"in.c-mysql.orders","us-east-1","5150","current_state_id","76666153","KBC.ordinalPosition","6","keboola.ex-db-mysql","2018-10-23T15:03:58+0200"
"in.c-mysql.orders","us-east-1","5150","date","76666130","KBC.datatype.type","text","keboola.ex-db-mysql","2018-10-23T15:03:58+0200"
"in.c-mysql.orders","us-east-1","5150","date","76666131","KBC.datatype.nullable","0","keboola.ex-db-mysql","2018-10-23T15:03:58+0200"
"in.c-mysql.orders","us-east-1","5150","date","76666132","KBC.datatype.basetype","STRING","keboola.ex-db-mysql","2018-10-23T15:03:58+0200"
"in.c-mysql.orders","us-east-1","5150","date","76666133","KBC.datatype.length","65535","keboola.ex-db-mysql","2018-10-23T15:03:58+0200"
"in.c-mysql.orders","us-east-1","5150","date","76666134","KBC.sourceName","date","keboola.ex-db-mysql","2018-10-23T15:03:58+0200"
"in.c-mysql.orders","us-east-1","5150","date","76666135","KBC.sanitizedName","date","keboola.ex-db-mysql","2018-10-23T15:03:58+0200"
"in.c-mysql.orders","us-east-1","5150","date","76666136","KBC.primaryKey","0","keboola.ex-db-mysql","2018-10-23T15:03:58+0200"
"in.c-mysql.orders","us-east-1","5150","date","76666137","KBC.ordinalPosition","4","keboola.ex-db-mysql","2018-10-23T15:03:58+0200"
"in.c-mysql.orders","us-east-1","5150","id","76665381","KBC.datatype.type","int","keboola.ex-db-mysql","2018-10-23T14:58:34+0200"
"in.c-mysql.orders","us-east-1","5150","id","76665382","KBC.datatype.nullable","0","keboola.ex-db-mysql","2018-10-23T14:58:34+0200"
"in.c-mysql.orders","us-east-1","5150","id","76665383","KBC.datatype.basetype","INTEGER","keboola.ex-db-mysql","2018-10-23T14:58:34+0200"
"in.c-mysql.orders","us-east-1","5150","id","76665384","KBC.datatype.length","10","keboola.ex-db-mysql","2018-10-23T14:58:34+0200"
"in.c-mysql.orders","us-east-1","5150","id","76665385","KBC.sourceName","id","keboola.ex-db-mysql","2018-10-23T14:58:34+0200"
"in.c-mysql.orders","us-east-1","5150","id","76665386","KBC.sanitizedName","id","keboola.ex-db-mysql","2018-10-23T14:58:34+0200"
"in.c-mysql.orders","us-east-1","5150","id","76665387","KBC.primaryKey","0","keboola.ex-db-mysql","2018-10-23T14:58:34+0200"
"in.c-mysql.orders","us-east-1","5150","id","76665388","KBC.ordinalPosition","1","keboola.ex-db-mysql","2018-10-23T14:58:34+0200"
"in.c-mysql.orders","us-east-1","5150","id_address_delivery","76665397","KBC.datatype.type","int","keboola.ex-db-mysql","2018-10-23T14:58:34+0200"
"in.c-mysql.orders","us-east-1","5150","id_address_delivery","76665398","KBC.datatype.nullable","0","keboola.ex-db-mysql","2018-10-23T14:58:34+0200"
"in.c-mysql.orders","us-east-1","5150","id_address_delivery","76665399","KBC.datatype.basetype","INTEGER","keboola.ex-db-mysql","2018-10-23T14:58:34+0200"
"in.c-mysql.orders","us-east-1","5150","id_address_delivery","76665400","KBC.datatype.length","10","keboola.ex-db-mysql","2018-10-23T14:58:34+0200"
"in.c-mysql.orders","us-east-1","5150","id_address_delivery","76665401","KBC.sourceName","id_address_delivery","keboola.ex-db-mysql","2018-10-23T14:58:34+0200"
"in.c-mysql.orders","us-east-1","5150","id_address_delivery","76665402","KBC.sanitizedName","id_address_delivery","keboola.ex-db-mysql","2018-10-23T14:58:34+0200"
"in.c-mysql.orders","us-east-1","5150","id_address_delivery","76665403","KBC.primaryKey","0","keboola.ex-db-mysql","2018-10-23T14:58:34+0200"
"in.c-mysql.orders","us-east-1","5150","id_address_delivery","76665404","KBC.ordinalPosition","3","keboola.ex-db-mysql","2018-10-23T14:58:34+0200"
"in.c-mysql.orders","us-east-1","5150","id_customer","76665389","KBC.datatype.type","int","keboola.ex-db-mysql","2018-10-23T14:58:34+0200"
"in.c-mysql.orders","us-east-1","5150","id_customer","76665390","KBC.datatype.nullable","0","keboola.ex-db-mysql","2018-10-23T14:58:34+0200"
"in.c-mysql.orders","us-east-1","5150","id_customer","76665391","KBC.datatype.basetype","INTEGER","keboola.ex-db-mysql","2018-10-23T14:58:34+0200"
"in.c-mysql.orders","us-east-1","5150","id_customer","76665392","KBC.datatype.length","10","keboola.ex-db-mysql","2018-10-23T14:58:34+0200"
"in.c-mysql.orders","us-east-1","5150","id_customer","76665393","KBC.sourceName","id_customer","keboola.ex-db-mysql","2018-10-23T14:58:34+0200"
"in.c-mysql.orders","us-east-1","5150","id_customer","76665394","KBC.sanitizedName","id_customer","keboola.ex-db-mysql","2018-10-23T14:58:34+0200"
"in.c-mysql.orders","us-east-1","5150","id_customer","76665395","KBC.primaryKey","0","keboola.ex-db-mysql","2018-10-23T14:58:34+0200"
"in.c-mysql.orders","us-east-1","5150","id_customer","76665396","KBC.ordinalPosition","2","keboola.ex-db-mysql","2018-10-23T14:58:34+0200"
"in.c-mysql.orders","us-east-1","5150","payment","76666138","KBC.datatype.type","text","keboola.ex-db-mysql","2018-10-23T15:03:58+0200"
"in.c-mysql.orders","us-east-1","5150","payment","76666139","KBC.datatype.nullable","0","keboola.ex-db-mysql","2018-10-23T15:03:58+0200"
"in.c-mysql.orders","us-east-1","5150","payment","76666140","KBC.datatype.basetype","STRING","keboola.ex-db-mysql","2018-10-23T15:03:58+0200"
"in.c-mysql.orders","us-east-1","5150","payment","76666141","KBC.datatype.length","65535","keboola.ex-db-mysql","2018-10-23T15:03:58+0200"
"in.c-mysql.orders","us-east-1","5150","payment","76666142","KBC.sourceName","payment","keboola.ex-db-mysql","2018-10-23T15:03:58+0200"
"in.c-mysql.orders","us-east-1","5150","payment","76666143","KBC.sanitizedName","payment","keboola.ex-db-mysql","2018-10-23T15:03:58+0200"
"in.c-mysql.orders","us-east-1","5150","payment","76666144","KBC.primaryKey","0","keboola.ex-db-mysql","2018-10-23T15:03:58+0200"
"in.c-mysql.orders","us-east-1","5150","payment","76666145","KBC.ordinalPosition","5","keboola.ex-db-mysql","2018-10-23T15:03:58+0200"
"in.c-mysql.orders","us-east-1","5150","total_discounts_tax_incl","76666170","KBC.datatype.type","decimal","keboola.ex-db-mysql","2018-10-23T15:03:58+0200"
"in.c-mysql.orders","us-east-1","5150","total_discounts_tax_incl","76666171","KBC.datatype.nullable","0","keboola.ex-db-mysql","2018-10-23T15:03:58+0200"
"in.c-mysql.orders","us-east-1","5150","total_discounts_tax_incl","76666172","KBC.datatype.basetype","NUMERIC","keboola.ex-db-mysql","2018-10-23T15:03:58+0200"
"in.c-mysql.orders","us-east-1","5150","total_discounts_tax_incl","76666173","KBC.datatype.length","12,2","keboola.ex-db-mysql","2018-10-23T15:03:58+0200"
"in.c-mysql.orders","us-east-1","5150","total_discounts_tax_incl","76666174","KBC.sourceName","total_discounts_tax_incl","keboola.ex-db-mysql","2018-10-23T15:03:58+0200"
"in.c-mysql.orders","us-east-1","5150","total_discounts_tax_incl","76666175","KBC.sanitizedName","total_discounts_tax_incl","keboola.ex-db-mysql","2018-10-23T15:03:58+0200"
"in.c-mysql.orders","us-east-1","5150","total_discounts_tax_incl","76666176","KBC.primaryKey","0","keboola.ex-db-mysql","2018-10-23T15:03:58+0200"
"in.c-mysql.orders","us-east-1","5150","total_discounts_tax_incl","76666177","KBC.ordinalPosition","9","keboola.ex-db-mysql","2018-10-23T15:03:58+0200"
"in.c-mysql.orders","us-east-1","5150","total_paid_tax_incl","76666162","KBC.datatype.type","decimal","keboola.ex-db-mysql","2018-10-23T15:03:58+0200"
"in.c-mysql.orders","us-east-1","5150","total_paid_tax_incl","76666163","KBC.datatype.nullable","0","keboola.ex-db-mysql","2018-10-23T15:03:58+0200"
"in.c-mysql.orders","us-east-1","5150","total_paid_tax_incl","76666164","KBC.datatype.basetype","NUMERIC","keboola.ex-db-mysql","2018-10-23T15:03:58+0200"
"in.c-mysql.orders","us-east-1","5150","total_paid_tax_incl","76666165","KBC.datatype.length","12,2","keboola.ex-db-mysql","2018-10-23T15:03:58+0200"
"in.c-mysql.orders","us-east-1","5150","total_paid_tax_incl","76666166","KBC.sourceName","total_paid_tax_incl","keboola.ex-db-mysql","2018-10-23T15:03:58+0200"
"in.c-mysql.orders","us-east-1","5150","total_paid_tax_incl","76666167","KBC.sanitizedName","total_paid_tax_incl","keboola.ex-db-mysql","2018-10-23T15:03:58+0200"
"in.c-mysql.orders","us-east-1","5150","total_paid_tax_incl","76666168","KBC.primaryKey","0","keboola.ex-db-mysql","2018-10-23T15:03:58+0200"
"in.c-mysql.orders","us-east-1","5150","total_paid_tax_incl","76666169","KBC.ordinalPosition","8","keboola.ex-db-mysql","2018-10-23T15:03:58+0200"
"in.c-mysql.orders","us-east-1","5150","total_shipping_tax_incl","76666178","KBC.datatype.type","decimal","keboola.ex-db-mysql","2018-10-23T15:03:58+0200"
"in.c-mysql.orders","us-east-1","5150","total_shipping_tax_incl","76666179","KBC.datatype.nullable","0","keboola.ex-db-mysql","2018-10-23T15:03:58+0200"
"in.c-mysql.orders","us-east-1","5150","total_shipping_tax_incl","76666180","KBC.datatype.basetype","NUMERIC","keboola.ex-db-mysql","2018-10-23T15:03:58+0200"
"in.c-mysql.orders","us-east-1","5150","total_shipping_tax_incl","76666181","KBC.datatype.length","12,2","keboola.ex-db-mysql","2018-10-23T15:03:58+0200"
"in.c-mysql.orders","us-east-1","5150","total_shipping_tax_incl","76666182","KBC.sourceName","total_shipping_tax_incl","keboola.ex-db-mysql","2018-10-23T15:03:58+0200"
"in.c-mysql.orders","us-east-1","5150","total_shipping_tax_incl","76666183","KBC.sanitizedName","total_shipping_tax_incl","keboola.ex-db-mysql","2018-10-23T15:03:58+0200"
"in.c-mysql.orders","us-east-1","5150","total_shipping_tax_incl","76666184","KBC.primaryKey","0","keboola.ex-db-mysql","2018-10-23T15:03:58+0200"
"in.c-mysql.orders","us-east-1","5150","total_shipping_tax_incl","76666185","KBC.ordinalPosition","10","keboola.ex-db-mysql","2018-10-23T15:03:58+0200"
"in.c-mysql.orders","us-east-1","5150","total_wrapping_tax_incl","76666186","KBC.datatype.type","decimal","keboola.ex-db-mysql","2018-10-23T15:03:58+0200"
"in.c-mysql.orders","us-east-1","5150","total_wrapping_tax_incl","76666187","KBC.datatype.nullable","0","keboola.ex-db-mysql","2018-10-23T15:03:58+0200"
"in.c-mysql.orders","us-east-1","5150","total_wrapping_tax_incl","76666188","KBC.datatype.basetype","NUMERIC","keboola.ex-db-mysql","2018-10-23T15:03:58+0200"
"in.c-mysql.orders","us-east-1","5150","total_wrapping_tax_incl","76666189","KBC.datatype.length","12,2","keboola.ex-db-mysql","2018-10-23T15:03:58+0200"
"in.c-mysql.orders","us-east-1","5150","total_wrapping_tax_incl","76666190","KBC.sourceName","total_wrapping_tax_incl","keboola.ex-db-mysql","2018-10-23T15:03:58+0200"
"in.c-mysql.orders","us-east-1","5150","total_wrapping_tax_incl","76666191","KBC.sanitizedName","total_wrapping_tax_incl","keboola.ex-db-mysql","2018-10-23T15:03:58+0200"
"in.c-mysql.orders","us-east-1","5150","total_wrapping_tax_incl","76666192","KBC.primaryKey","0","keboola.ex-db-mysql","2018-10-23T15:03:58+0200"
"in.c-mysql.orders","us-east-1","5150","total_wrapping_tax_incl","76666193","KBC.ordinalPosition","11","keboola.ex-db-mysql","2018-10-23T15:03:58+0200"
"out.c-f_scoring_vector_tt.gmail","us-east-1","5150","col1","413645398","KBC.datatype.type","TEXT","keboola.snowflake-transformation","2020-05-17T20:27:38+0200"
"out.c-f_scoring_vector_tt.gmail","us-east-1","5150","col1","413645399","KBC.datatype.nullable","1","keboola.snowflake-transformation","2020-05-17T20:27:38+0200"
"out.c-f_scoring_vector_tt.gmail","us-east-1","5150","col1","413645400","KBC.datatype.basetype","STRING","keboola.snowflake-transformation","2020-05-17T20:27:38+0200"
"out.c-f_scoring_vector_tt.gmail","us-east-1","5150","col1","413645401","KBC.datatype.length","16777216","keboola.snowflake-transformation","2020-05-17T20:27:38+0200"
"out.c-f_scoring_vector_tt.gmail","us-east-1","5150","col2","413645394","KBC.datatype.type","TEXT","keboola.snowflake-transformation","2020-05-17T20:27:38+0200"
"out.c-f_scoring_vector_tt.gmail","us-east-1","5150","col2","413645395","KBC.datatype.nullable","1","keboola.snowflake-transformation","2020-05-17T20:27:38+0200"
"out.c-f_scoring_vector_tt.gmail","us-east-1","5150","col2","413645396","KBC.datatype.basetype","STRING","keboola.snowflake-transformation","2020-05-17T20:27:38+0200"
"out.c-f_scoring_vector_tt.gmail","us-east-1","5150","col2","413645397","KBC.datatype.length","16777216","keboola.snowflake-transformation","2020-05-17T20:27:38+0200"
"out.c-f_scoring_vector_tt.gmail-2","us-east-1","5150","col1","413645357","KBC.datatype.type","TEXT","keboola.snowflake-transformation","2020-05-17T20:26:41+0200"
"out.c-f_scoring_vector_tt.gmail-2","us-east-1","5150","col1","413645358","KBC.datatype.nullable","1","keboola.snowflake-transformation","2020-05-17T20:26:41+0200"
"out.c-f_scoring_vector_tt.gmail-2","us-east-1","5150","col1","413645359","KBC.datatype.basetype","STRING","keboola.snowflake-transformation","2020-05-17T20:26:41+0200"
"out.c-f_scoring_vector_tt.gmail-2","us-east-1","5150","col1","413645360","KBC.datatype.length","16777216","keboola.snowflake-transformation","2020-05-17T20:26:41+0200"
"out.c-f_scoring_vector_tt.gmail-2","us-east-1","5150","col2","413645361","KBC.datatype.type","TEXT","keboola.snowflake-transformation","2020-05-17T20:26:41+0200"
"out.c-f_scoring_vector_tt.gmail-2","us-east-1","5150","col2","413645362","KBC.datatype.nullable","1","keboola.snowflake-transformation","2020-05-17T20:26:41+0200"
"out.c-f_scoring_vector_tt.gmail-2","us-east-1","5150","col2","413645363","KBC.datatype.basetype","STRING","keboola.snowflake-transformation","2020-05-17T20:26:41+0200"
"out.c-f_scoring_vector_tt.gmail-2","us-east-1","5150","col2","413645364","KBC.datatype.length","16777216","keboola.snowflake-transformation","2020-05-17T20:26:41+0200"
