"in.c-looker.looker_data_18","us-east-1","5150","looker_data_18","","2018-11-29T12:27:39+0100","2018-12-05T20:13:38+0100","2018-12-05T20:13:38+0100","100","2048","False","True","in.c-looker","c-looker","in","2018-10-23T12:40:03+0200","2019-02-01T17:54:57+0100","False"
"in.c-looker.looker_data_43","us-east-1","5150","looker_data_43","kbcjobs_run_by_token_desc","2018-12-10T13:59:11+0100","2018-12-20T20:27:31+0100","2018-12-20T20:27:31+0100","40","3072","False","True","in.c-looker","c-looker","in","2018-10-23T12:40:03+0200","2019-02-01T17:54:57+0100","False"
"in.c-looker.looker_table_17","us-east-1","5150","looker_table_17","kbcjobs_job_start_date","2018-10-23T14:45:41+0200","2018-10-23T14:45:50+0200","2018-10-23T14:45:50+0200","702","41984","False","True","in.c-looker","c-looker","in","2018-10-23T12:40:03+0200","2019-02-01T17:54:57+0100","False"
"in.c-looker.table_17","us-east-1","5150","table_17","","2018-10-23T14:37:17+0200","2018-10-23T14:37:23+0200","2018-10-23T14:37:23+0200","702","3584","False","True","in.c-looker","c-looker","in","2018-10-23T12:40:03+0200","2019-02-01T17:54:57+0100","False"
"in.c-looker.table_19","us-east-1","5150","table_19","","2018-10-23T12:40:20+0200","2018-11-29T12:06:21+0100","2018-11-29T12:06:21+0100","100","2560","False","True","in.c-looker","c-looker","in","2018-10-23T12:40:03+0200","2019-02-01T17:54:57+0100","False"
"in.c-looker.test_0201","us-east-1","5150","test_0201","","2019-02-01T17:01:12+0100","2019-02-01T17:01:22+0100","2019-02-01T17:01:22+0100","3","2048","False","True","in.c-looker","c-looker","in","2018-10-23T12:40:03+0200","2019-02-01T17:54:57+0100","False"
"in.c-looker.test_v02","us-east-1","5150","test_v02","","2019-02-01T17:54:46+0100","2019-02-01T17:54:57+0100","2019-02-01T17:54:57+0100","1","1024","False","True","in.c-looker","c-looker","in","2018-10-23T12:40:03+0200","2019-02-01T17:54:57+0100","False"
"in.c-mysql.addresses","us-east-1","5150","addresses","","2018-10-23T15:12:07+0200","2018-10-23T15:15:02+0200","2018-10-23T15:15:02+0200","1268","29184","False","True","in.c-mysql","c-mysql","in","2018-10-23T14:58:14+0200","2018-11-13T03:57:19+0100","False"
"in.c-mysql.order-items","us-east-1","5150","order-items","","2018-10-23T15:12:28+0200","2018-10-23T15:15:16+0200","2018-10-23T15:15:16+0200","1643","13824","False","True","in.c-mysql","c-mysql","in","2018-10-23T14:58:14+0200","2018-11-13T03:57:19+0100","False"
"in.c-mysql.orders","us-east-1","5150","orders","id","2018-10-23T14:58:17+0200","2018-10-23T15:14:48+0200","2018-10-23T15:14:48+0200","1268","33792","False","True","in.c-mysql","c-mysql","in","2018-10-23T14:58:14+0200","2018-11-13T03:57:19+0100","False"
"in.c-mysql.webinar_demo","us-east-1","5150","webinar_demo","","2018-11-13T03:57:13+0100","2018-11-13T03:57:18+0100","2018-11-13T03:57:19+0100","1","1024","False","True","in.c-mysql","c-mysql","in","2018-10-23T14:58:14+0200","2018-11-13T03:57:19+0100","False"
"in.c-mailgun.mailing_list_test","us-east-1","5150","mailing_list_test","","2019-01-07T20:05:32+0100","2019-01-07T20:05:40+0100","2019-01-07T20:05:40+0100","3","2048","False","True","in.c-mailgun","c-mailgun","in","2018-10-26T13:39:26+0200","2020-06-02T19:17:30+0200","False"
"in.c-mailgun.mailing_list_test_snapshot","us-east-1","5150","mailing_list_test_snapshot","snap_pk","2020-06-02T19:17:21+0200","2020-06-02T19:17:30+0200","2020-06-02T19:17:30+0200","0","0","False","True","in.c-mailgun","c-mailgun","in","2018-10-26T13:39:26+0200","2020-06-02T19:17:30+0200","False"
"in.c-keboola-ex-twitter-465136779.tweets","us-east-1","5150","tweets","id","2018-11-19T15:18:57+0100","2018-11-19T15:19:08+0100","2018-11-19T15:19:09+0100","159","15872","False","True","in.c-keboola-ex-twitter-465136779","c-keboola-ex-twitter-465136779","in","2018-11-19T15:18:54+0100","2018-11-19T15:20:01+0100","False"
"in.c-keboola-ex-twitter-465136779.tweets-hashtags","us-east-1","5150","tweets-hashtags","text,tweets_pk","2018-11-19T15:19:11+0100","2018-11-19T15:19:23+0100","2018-11-19T15:19:23+0100","6","1024","False","True","in.c-keboola-ex-twitter-465136779","c-keboola-ex-twitter-465136779","in","2018-11-19T15:18:54+0100","2018-11-19T15:20:01+0100","False"
"in.c-keboola-ex-twitter-465136779.tweets-urls","us-east-1","5150","tweets-urls","url,tweets_pk","2018-11-19T15:19:39+0100","2018-11-19T15:19:48+0100","2018-11-19T15:19:49+0100","4","1536","False","True","in.c-keboola-ex-twitter-465136779","c-keboola-ex-twitter-465136779","in","2018-11-19T15:18:54+0100","2018-11-19T15:20:01+0100","False"
"in.c-keboola-ex-twitter-465136779.tweets-user-mentions","us-east-1","5150","tweets-user-mentions","user_id,tweets_pk","2018-11-19T15:19:25+0100","2018-11-19T15:19:37+0100","2018-11-19T15:19:37+0100","203","5120","False","True","in.c-keboola-ex-twitter-465136779","c-keboola-ex-twitter-465136779","in","2018-11-19T15:18:54+0100","2018-11-19T15:20:01+0100","False"
"in.c-keboola-ex-twitter-465136779.users","us-east-1","5150","users","id","2018-11-19T15:19:51+0100","2018-11-19T15:20:01+0100","2018-11-19T15:20:01+0100","27","5120","False","True","in.c-keboola-ex-twitter-465136779","c-keboola-ex-twitter-465136779","in","2018-11-19T15:18:54+0100","2018-11-19T15:20:01+0100","False"
"out.c-mailgun.gd-test","us-east-1","5150","gd-test","","2019-10-07T20:40:20+0200","2019-10-07T20:40:28+0200","2019-10-07T20:40:28+0200","1","1024","False","True","out.c-mailgun","c-mailgun","out","2018-11-28T19:29:44+0100","2019-10-07T20:40:28+0200","False"
"out.c-mailgun.logs","us-east-1","5150","logs","msg_id,event_id","2019-01-04T23:03:11+0100","2019-01-07T20:51:06+0100","2019-01-07T20:51:06+0100","12","5120","False","True","out.c-mailgun","c-mailgun","out","2018-11-28T19:29:44+0100","2019-10-07T20:40:28+0200","False"
"in.c-kds-team-ex-campaign-monitor-472125102.campaigns","us-east-1","5150","campaigns","","2018-12-20T02:05:17+0100","2019-01-23T05:35:51+0100","2019-01-23T05:35:51+0100","2","2560","False","True","in.c-kds-team-ex-campaign-monitor-472125102","c-kds-team-ex-campaign-monitor-472125102","in","2018-12-20T02:05:03+0100","2019-01-23T05:36:13+0100","False"
"in.c-kds-team-ex-campaign-monitor-472125102.clicks","us-east-1","5150","clicks","","2018-12-20T02:05:37+0100","2019-01-23T05:35:52+0100","2019-01-23T05:35:52+0100","1","2048","False","True","in.c-kds-team-ex-campaign-monitor-472125102","c-kds-team-ex-campaign-monitor-472125102","in","2018-12-20T02:05:03+0100","2019-01-23T05:36:13+0100","False"
"in.c-kds-team-ex-campaign-monitor-472125102.clients","us-east-1","5150","clients","","2018-12-20T02:05:07+0100","2019-01-23T05:35:50+0100","2019-01-23T05:35:50+0100","3","1024","False","True","in.c-kds-team-ex-campaign-monitor-472125102","c-kds-team-ex-campaign-monitor-472125102","in","2018-12-20T02:05:03+0100","2019-01-23T05:36:13+0100","False"
"in.c-kds-team-ex-campaign-monitor-472125102.lists","us-east-1","5150","lists","","2019-01-23T05:35:46+0100","2019-01-23T05:35:59+0100","2019-01-23T05:36:00+0100","2","1536","False","True","in.c-kds-team-ex-campaign-monitor-472125102","c-kds-team-ex-campaign-monitor-472125102","in","2018-12-20T02:05:03+0100","2019-01-23T05:36:13+0100","False"
"in.c-kds-team-ex-campaign-monitor-472125102.opens","us-east-1","5150","opens","","2018-12-20T02:05:27+0100","2019-01-23T05:35:51+0100","2019-01-23T05:35:52+0100","13","2560","False","True","in.c-kds-team-ex-campaign-monitor-472125102","c-kds-team-ex-campaign-monitor-472125102","in","2018-12-20T02:05:03+0100","2019-01-23T05:36:13+0100","False"
"in.c-kds-team-ex-campaign-monitor-472125102.subscribers","us-east-1","5150","subscribers","","2019-01-23T05:35:55+0100","2019-01-23T05:36:13+0100","2019-01-23T05:36:13+0100","3","2048","False","True","in.c-kds-team-ex-campaign-monitor-472125102","c-kds-team-ex-campaign-monitor-472125102","in","2018-12-20T02:05:03+0100","2019-01-23T05:36:13+0100","False"
"in.c-kds-team-ex-mixpanel-480246578.output","us-east-1","5150","output","","2019-01-29T00:23:15+0100","2019-02-06T19:41:29+0100","2019-02-06T19:41:29+0100","183602508","1495214592","False","True","in.c-kds-team-ex-mixpanel-480246578","c-kds-team-ex-mixpanel-480246578","in","2019-01-29T00:23:13+0100","2019-02-06T19:41:29+0100","False"
"in.c-kds-team-ex-cj-affiliate-484866456.commissions","us-east-1","5150","commissions","","2019-02-21T07:21:43+0100","2019-02-21T07:21:51+0100","2019-02-21T07:21:52+0100","0","0","False","True","in.c-kds-team-ex-cj-affiliate-484866456","c-kds-team-ex-cj-affiliate-484866456","in","2019-02-21T07:21:39+0100","2019-02-21T07:21:52+0100","False"
"in.c-keboola-ex-gmail-487744175.headers","us-east-1","5150","headers","messageId,name,value","2019-03-07T22:06:14+0100","2019-03-07T22:06:52+0100","2019-03-07T22:06:52+0100","26190","2539008","False","True","in.c-keboola-ex-gmail-487744175","c-keboola-ex-gmail-487744175","in","2019-03-07T22:06:01+0100","2019-03-07T22:06:54+0100","False"
"in.c-keboola-ex-gmail-487744175.messages","us-east-1","5150","messages","id","2019-03-07T22:06:04+0100","2019-03-07T22:06:50+0100","2019-03-07T22:06:50+0100","1012","24576","False","True","in.c-keboola-ex-gmail-487744175","c-keboola-ex-gmail-487744175","in","2019-03-07T22:06:01+0100","2019-03-07T22:06:54+0100","False"
"in.c-keboola-ex-gmail-487744175.parts","us-east-1","5150","parts","messageId,partId","2019-03-07T22:06:24+0100","2019-03-07T22:06:54+0100","2019-03-07T22:06:54+0100","1737","4090368","False","True","in.c-keboola-ex-gmail-487744175","c-keboola-ex-gmail-487744175","in","2019-03-07T22:06:01+0100","2019-03-07T22:06:54+0100","False"
"in.c-keboola-ex-gmail-487744175.queries","us-east-1","5150","queries","query,messageId","2019-03-07T22:06:34+0100","2019-03-07T22:06:49+0100","2019-03-07T22:06:50+0100","1012","15872","False","True","in.c-keboola-ex-gmail-487744175","c-keboola-ex-gmail-487744175","in","2019-03-07T22:06:01+0100","2019-03-07T22:06:54+0100","False"
"in.c-test.test","us-east-1","5150","test","","2019-03-27T04:22:15+0100","2019-03-27T04:23:28+0100","2019-03-27T04:23:28+0100","3","1024","False","True","in.c-test","c-test","in","2019-03-27T04:21:47+0100","2019-03-27T04:23:28+0100","False"
"out.c-pepo.logs","us-east-1","5150","logs","","2019-03-27T04:24:43+0100","2019-03-27T04:24:55+0100","2019-03-27T04:24:56+0100","3","1536","False","True","out.c-pepo","c-pepo","out","2019-03-27T04:24:39+0100","2019-03-27T04:24:56+0100","False"
"in.c-keboola-ex-google-drive-492296915.ExampleCSV-order","us-east-1","5150","ExampleCSV-order","","2019-03-28T21:48:03+0100","2019-03-28T21:48:25+0100","2019-03-28T21:48:25+0100","10","1536","False","True","in.c-keboola-ex-google-drive-492296915","c-keboola-ex-google-drive-492296915","in","2019-03-28T21:48:00+0100","2019-03-28T21:48:25+0100","False"
"in.c-keboola-ex-google-drive-492296915.ExampleCSV-order-items","us-east-1","5150","ExampleCSV-order-items","","2019-03-28T21:48:12+0100","2019-03-28T21:48:25+0100","2019-03-28T21:48:25+0100","12","1024","False","True","in.c-keboola-ex-google-drive-492296915","c-keboola-ex-google-drive-492296915","in","2019-03-28T21:48:00+0100","2019-03-28T21:48:25+0100","False"
"in.c-keboola-ex-google-drive-492297319.ExampleCSV-order","us-east-1","5150","ExampleCSV-order","","2019-03-28T21:59:13+0100","2019-04-17T02:02:18+0200","2019-04-17T02:02:19+0200","10","1536","False","True","in.c-keboola-ex-google-drive-492297319","c-keboola-ex-google-drive-492297319","in","2019-03-28T21:59:10+0100","2019-04-17T02:02:19+0200","False"
"in.c-keboola-ex-google-drive-492297319.ExampleCSV-order-items","us-east-1","5150","ExampleCSV-order-items","","2019-03-28T21:59:22+0100","2019-04-17T02:02:04+0200","2019-04-17T02:02:05+0200","12","1024","False","True","in.c-keboola-ex-google-drive-492297319","c-keboola-ex-google-drive-492297319","in","2019-03-28T21:59:10+0100","2019-04-17T02:02:19+0200","False"
"out.c-demo.orders-combined","us-east-1","5150","orders-combined","","2019-03-28T22:10:38+0100","2019-04-17T02:03:49+0200","2019-04-17T02:03:49+0200","12","1536","False","True","out.c-demo","c-demo","out","2019-03-28T22:10:35+0100","2019-04-17T02:03:49+0200","False"
"in.c-itunes.apps","us-east-1","5150","apps","","2019-04-29T08:49:11+0200","2019-04-29T08:49:18+0200","2019-04-29T08:49:18+0200","4","1024","False","True","in.c-itunes","c-itunes","in","2019-04-29T08:48:40+0200","2019-08-04T23:38:28+0200","False"
"in.c-itunes.test","us-east-1","5150","test","","2019-08-04T23:32:45+0200","2019-08-04T23:37:19+0200","2019-08-04T23:37:20+0200","2","1024","False","True","in.c-itunes","c-itunes","in","2019-04-29T08:48:40+0200","2019-08-04T23:38:28+0200","False"
"in.c-itunes.test2","us-east-1","5150","test2","","2019-08-04T23:38:22+0200","2019-08-04T23:38:28+0200","2019-08-04T23:38:28+0200","2","1024","False","True","in.c-itunes","c-itunes","in","2019-04-29T08:48:40+0200","2019-08-04T23:38:28+0200","False"
"in.c-kds-team-ex-itunes-reviews-500367097.reviews","us-east-1","5150","reviews","review_id,updated,country_code","2019-04-29T09:16:25+0200","2019-06-28T09:36:10+0200","2019-06-28T17:44:22+0200","146","19968","False","True","in.c-kds-team-ex-itunes-reviews-500367097","c-kds-team-ex-itunes-reviews-500367097","in","2019-04-29T09:16:22+0200","2019-06-28T17:44:22+0200","False"
"in.c-ex-api-generic-asana-test-v2.projects","us-east-1","5150","projects","","2019-05-07T19:18:18+0200","2019-05-07T19:19:13+0200","2019-05-07T19:19:14+0200","98","5120","False","True","in.c-ex-api-generic-asana-test-v2","c-ex-api-generic-asana-test-v2","in","2019-05-07T19:15:56+0200","2019-05-07T19:19:17+0200","False"
"in.c-ex-api-generic-asana-test-v2.projects-custom_field_settings","us-east-1","5150","projects-custom_field_settings","","2019-05-07T19:16:31+0200","2019-05-07T19:18:42+0200","2019-05-07T19:18:42+0200","216","11264","False","True","in.c-ex-api-generic-asana-test-v2","c-ex-api-generic-asana-test-v2","in","2019-05-07T19:15:56+0200","2019-05-07T19:19:17+0200","False"
"in.c-ex-api-generic-asana-test-v2.projects-custom_field_settings-enum_options","us-east-1","5150","projects-custom_field_settings-enum_options","","2019-05-07T19:16:41+0200","2019-05-07T19:18:42+0200","2019-05-07T19:18:43+0200","782","8704","False","True","in.c-ex-api-generic-asana-test-v2","c-ex-api-generic-asana-test-v2","in","2019-05-07T19:15:56+0200","2019-05-07T19:19:17+0200","False"
"in.c-ex-api-generic-asana-test-v2.projects-followers","us-east-1","5150","projects-followers","","2019-05-07T19:16:23+0200","2019-05-07T19:18:43+0200","2019-05-07T19:18:43+0200","293","4608","False","True","in.c-ex-api-generic-asana-test-v2","c-ex-api-generic-asana-test-v2","in","2019-05-07T19:15:56+0200","2019-05-07T19:19:17+0200","False"
"in.c-ex-api-generic-asana-test-v2.projects-members","us-east-1","5150","projects-members","","2019-05-07T19:16:12+0200","2019-05-07T19:18:41+0200","2019-05-07T19:18:41+0200","342","4608","False","True","in.c-ex-api-generic-asana-test-v2","c-ex-api-generic-asana-test-v2","in","2019-05-07T19:15:56+0200","2019-05-07T19:19:17+0200","False"
"in.c-ex-api-generic-asana-test-v2.projects_details","us-east-1","5150","projects_details","id","2019-05-07T19:16:00+0200","2019-05-07T19:18:45+0200","2019-05-07T19:18:45+0200","98","17408","False","True","in.c-ex-api-generic-asana-test-v2","c-ex-api-generic-asana-test-v2","in","2019-05-07T19:15:56+0200","2019-05-07T19:19:17+0200","False"
"in.c-ex-api-generic-asana-test-v2.sections","us-east-1","5150","sections","","2019-05-07T19:18:27+0200","2019-05-07T19:19:12+0200","2019-05-07T19:19:13+0200","425","13824","False","True","in.c-ex-api-generic-asana-test-v2","c-ex-api-generic-asana-test-v2","in","2019-05-07T19:15:56+0200","2019-05-07T19:19:17+0200","False"
"in.c-ex-api-generic-asana-test-v2.tasks","us-east-1","5150","tasks","id","2019-05-07T19:16:49+0200","2019-05-07T19:18:44+0200","2019-05-07T19:18:44+0200","3907","125440","False","True","in.c-ex-api-generic-asana-test-v2","c-ex-api-generic-asana-test-v2","in","2019-05-07T19:15:56+0200","2019-05-07T19:19:17+0200","False"
"in.c-ex-api-generic-asana-test-v2.task_details","us-east-1","5150","task_details","id","2019-05-07T19:17:00+0200","2019-05-07T19:18:46+0200","2019-05-07T19:18:47+0200","3907","528384","False","True","in.c-ex-api-generic-asana-test-v2","c-ex-api-generic-asana-test-v2","in","2019-05-07T19:15:56+0200","2019-05-07T19:19:17+0200","False"
"in.c-ex-api-generic-asana-test-v2.task_details-custom_field-enum_options","us-east-1","5150","task_details-custom_field-enum_options","","2019-05-07T19:17:45+0200","2019-05-07T19:19:13+0200","2019-05-07T19:19:13+0200","32871","263680","False","True","in.c-ex-api-generic-asana-test-v2","c-ex-api-generic-asana-test-v2","in","2019-05-07T19:15:56+0200","2019-05-07T19:19:17+0200","False"
"in.c-ex-api-generic-asana-test-v2.task_details-custom_fields","us-east-1","5150","task_details-custom_fields","","2019-05-07T19:17:36+0200","2019-05-07T19:19:13+0200","2019-05-07T19:19:14+0200","10931","239104","False","True","in.c-ex-api-generic-asana-test-v2","c-ex-api-generic-asana-test-v2","in","2019-05-07T19:15:56+0200","2019-05-07T19:19:17+0200","False"
"in.c-ex-api-generic-asana-test-v2.task_details-followers","us-east-1","5150","task_details-followers","","2019-05-07T19:17:10+0200","2019-05-07T19:18:42+0200","2019-05-07T19:18:42+0200","5572","49664","False","True","in.c-ex-api-generic-asana-test-v2","c-ex-api-generic-asana-test-v2","in","2019-05-07T19:15:56+0200","2019-05-07T19:19:17+0200","False"
"in.c-ex-api-generic-asana-test-v2.task_details-memberships","us-east-1","5150","task_details-memberships","","2019-05-07T19:17:19+0200","2019-05-07T19:18:42+0200","2019-05-07T19:18:43+0200","3958","59904","False","True","in.c-ex-api-generic-asana-test-v2","c-ex-api-generic-asana-test-v2","in","2019-05-07T19:15:56+0200","2019-05-07T19:19:17+0200","False"
"in.c-ex-api-generic-asana-test-v2.task_details-tags","us-east-1","5150","task_details-tags","","2019-05-07T19:17:27+0200","2019-05-07T19:18:42+0200","2019-05-07T19:18:42+0200","85","2560","False","True","in.c-ex-api-generic-asana-test-v2","c-ex-api-generic-asana-test-v2","in","2019-05-07T19:15:56+0200","2019-05-07T19:19:17+0200","False"
"in.c-ex-api-generic-asana-test-v2.task_stories","us-east-1","5150","task_stories","id","2019-05-07T19:18:06+0200","2019-05-07T19:19:17+0200","2019-05-07T19:19:17+0200","23484","1141760","False","True","in.c-ex-api-generic-asana-test-v2","c-ex-api-generic-asana-test-v2","in","2019-05-07T19:15:56+0200","2019-05-07T19:19:17+0200","False"
"in.c-ex-api-generic-asana-test-v2.task_subtasks","us-east-1","5150","task_subtasks","id","2019-05-07T19:17:54+0200","2019-05-07T19:19:14+0200","2019-05-07T19:19:15+0200","1564","52224","False","True","in.c-ex-api-generic-asana-test-v2","c-ex-api-generic-asana-test-v2","in","2019-05-07T19:15:56+0200","2019-05-07T19:19:17+0200","False"
"in.c-leochan-ex-asana-502703292.projects","us-east-1","5150","projects","","2019-05-07T22:33:28+0200","2019-05-07T22:34:22+0200","2019-05-07T22:34:22+0200","98","5120","False","True","in.c-leochan-ex-asana-502703292","c-leochan-ex-asana-502703292","in","2019-05-07T22:31:02+0200","2019-05-07T22:34:27+0200","False"
"in.c-leochan-ex-asana-502703292.projects-custom_field_settings","us-east-1","5150","projects-custom_field_settings","","2019-05-07T22:31:26+0200","2019-05-07T22:33:51+0200","2019-05-07T22:33:51+0200","216","11264","False","True","in.c-leochan-ex-asana-502703292","c-leochan-ex-asana-502703292","in","2019-05-07T22:31:02+0200","2019-05-07T22:34:27+0200","False"
"in.c-leochan-ex-asana-502703292.projects-custom_field_settings-enum_options","us-east-1","5150","projects-custom_field_settings-enum_options","","2019-05-07T22:31:35+0200","2019-05-07T22:33:51+0200","2019-05-07T22:33:52+0200","782","8704","False","True","in.c-leochan-ex-asana-502703292","c-leochan-ex-asana-502703292","in","2019-05-07T22:31:02+0200","2019-05-07T22:34:27+0200","False"
"in.c-leochan-ex-asana-502703292.projects-followers","us-east-1","5150","projects-followers","","2019-05-07T22:31:17+0200","2019-05-07T22:33:50+0200","2019-05-07T22:33:51+0200","295","4608","False","True","in.c-leochan-ex-asana-502703292","c-leochan-ex-asana-502703292","in","2019-05-07T22:31:02+0200","2019-05-07T22:34:27+0200","False"
"in.c-leochan-ex-asana-502703292.projects-members","us-east-1","5150","projects-members","","2019-05-07T22:31:43+0200","2019-05-07T22:33:50+0200","2019-05-07T22:33:51+0200","344","4608","False","True","in.c-leochan-ex-asana-502703292","c-leochan-ex-asana-502703292","in","2019-05-07T22:31:02+0200","2019-05-07T22:34:27+0200","False"
"in.c-leochan-ex-asana-502703292.projects_details","us-east-1","5150","projects_details","id","2019-05-07T22:31:06+0200","2019-05-07T22:33:54+0200","2019-05-07T22:33:55+0200","98","17408","False","True","in.c-leochan-ex-asana-502703292","c-leochan-ex-asana-502703292","in","2019-05-07T22:31:02+0200","2019-05-07T22:34:27+0200","False"
"in.c-leochan-ex-asana-502703292.sections","us-east-1","5150","sections","","2019-05-07T22:33:37+0200","2019-05-07T22:34:21+0200","2019-05-07T22:34:22+0200","425","13824","False","True","in.c-leochan-ex-asana-502703292","c-leochan-ex-asana-502703292","in","2019-05-07T22:31:02+0200","2019-05-07T22:34:27+0200","False"
"in.c-leochan-ex-asana-502703292.tasks","us-east-1","5150","tasks","id","2019-05-07T22:31:51+0200","2019-05-07T22:33:54+0200","2019-05-07T22:33:54+0200","3909","125440","False","True","in.c-leochan-ex-asana-502703292","c-leochan-ex-asana-502703292","in","2019-05-07T22:31:02+0200","2019-05-07T22:34:27+0200","False"
"in.c-leochan-ex-asana-502703292.task_details","us-east-1","5150","task_details","id","2019-05-07T22:32:00+0200","2019-05-07T22:33:55+0200","2019-05-07T22:33:55+0200","3909","528896","False","True","in.c-leochan-ex-asana-502703292","c-leochan-ex-asana-502703292","in","2019-05-07T22:31:02+0200","2019-05-07T22:34:27+0200","False"
"in.c-leochan-ex-asana-502703292.task_details-custom_field-enum_options","us-east-1","5150","task_details-custom_field-enum_options","","2019-05-07T22:32:21+0200","2019-05-07T22:33:52+0200","2019-05-07T22:33:52+0200","32894","263680","False","True","in.c-leochan-ex-asana-502703292","c-leochan-ex-asana-502703292","in","2019-05-07T22:31:02+0200","2019-05-07T22:34:27+0200","False"
"in.c-leochan-ex-asana-502703292.task_details-custom_fields","us-east-1","5150","task_details-custom_fields","","2019-05-07T22:32:11+0200","2019-05-07T22:33:52+0200","2019-05-07T22:33:52+0200","10939","239104","False","True","in.c-leochan-ex-asana-502703292","c-leochan-ex-asana-502703292","in","2019-05-07T22:31:02+0200","2019-05-07T22:34:27+0200","False"
"in.c-leochan-ex-asana-502703292.task_details-followers","us-east-1","5150","task_details-followers","","2019-05-07T22:32:29+0200","2019-05-07T22:33:52+0200","2019-05-07T22:33:52+0200","5574","49664","False","True","in.c-leochan-ex-asana-502703292","c-leochan-ex-asana-502703292","in","2019-05-07T22:31:02+0200","2019-05-07T22:34:27+0200","False"
"in.c-leochan-ex-asana-502703292.task_details-memberships","us-east-1","5150","task_details-memberships","","2019-05-07T22:32:48+0200","2019-05-07T22:34:21+0200","2019-05-07T22:34:22+0200","3960","59904","False","True","in.c-leochan-ex-asana-502703292","c-leochan-ex-asana-502703292","in","2019-05-07T22:31:02+0200","2019-05-07T22:34:27+0200","False"
"in.c-leochan-ex-asana-502703292.task_details-tags","us-east-1","5150","task_details-tags","","2019-05-07T22:32:38+0200","2019-05-07T22:34:24+0200","2019-05-07T22:34:24+0200","85","2560","False","True","in.c-leochan-ex-asana-502703292","c-leochan-ex-asana-502703292","in","2019-05-07T22:31:02+0200","2019-05-07T22:34:27+0200","False"
"in.c-leochan-ex-asana-502703292.task_stories","us-east-1","5150","task_stories","id","2019-05-07T22:33:09+0200","2019-05-07T22:34:27+0200","2019-05-07T22:34:27+0200","23500","1142784","False","True","in.c-leochan-ex-asana-502703292","c-leochan-ex-asana-502703292","in","2019-05-07T22:31:02+0200","2019-05-07T22:34:27+0200","False"
"in.c-leochan-ex-asana-502703292.task_subtasks","us-east-1","5150","task_subtasks","id","2019-05-07T22:32:58+0200","2019-05-07T22:34:24+0200","2019-05-07T22:34:24+0200","1564","52224","False","True","in.c-leochan-ex-asana-502703292","c-leochan-ex-asana-502703292","in","2019-05-07T22:31:02+0200","2019-05-07T22:34:27+0200","False"
"in.c-leochan-ex-asana-502703292.workspaces","us-east-1","5150","workspaces","","2019-05-07T22:33:20+0200","2019-05-07T22:34:22+0200","2019-05-07T22:34:22+0200","2","1024","False","True","in.c-leochan-ex-asana-502703292","c-leochan-ex-asana-502703292","in","2019-05-07T22:31:02+0200","2019-05-07T22:34:27+0200","False"
"in.c-leochan-ex-asana-502741844.projects","us-east-1","5150","projects","","2019-05-08T00:27:32+0200","2019-05-08T00:28:31+0200","2019-05-08T00:28:31+0200","196","5632","False","True","in.c-leochan-ex-asana-502741844","c-leochan-ex-asana-502741844","in","2019-05-08T00:24:35+0200","2019-05-08T00:28:35+0200","False"
"in.c-leochan-ex-asana-502741844.projects-custom_field_settings","us-east-1","5150","projects-custom_field_settings","","2019-05-08T00:25:05+0200","2019-05-08T00:28:02+0200","2019-05-08T00:28:02+0200","216","11264","False","True","in.c-leochan-ex-asana-502741844","c-leochan-ex-asana-502741844","in","2019-05-08T00:24:35+0200","2019-05-08T00:28:35+0200","False"
"in.c-leochan-ex-asana-502741844.projects-custom_field_settings-enum_options","us-east-1","5150","projects-custom_field_settings-enum_options","","2019-05-08T00:25:16+0200","2019-05-08T00:28:02+0200","2019-05-08T00:28:02+0200","782","8704","False","True","in.c-leochan-ex-asana-502741844","c-leochan-ex-asana-502741844","in","2019-05-08T00:24:35+0200","2019-05-08T00:28:35+0200","False"
"in.c-leochan-ex-asana-502741844.projects-followers","us-east-1","5150","projects-followers","","2019-05-08T00:24:51+0200","2019-05-08T00:27:58+0200","2019-05-08T00:27:59+0200","295","4608","False","True","in.c-leochan-ex-asana-502741844","c-leochan-ex-asana-502741844","in","2019-05-08T00:24:35+0200","2019-05-08T00:28:35+0200","False"
"in.c-leochan-ex-asana-502741844.projects-members","us-east-1","5150","projects-members","","2019-05-08T00:25:28+0200","2019-05-08T00:27:59+0200","2019-05-08T00:28:00+0200","344","4608","False","True","in.c-leochan-ex-asana-502741844","c-leochan-ex-asana-502741844","in","2019-05-08T00:24:35+0200","2019-05-08T00:28:35+0200","False"
"in.c-leochan-ex-asana-502741844.projects_details","us-east-1","5150","projects_details","id","2019-05-08T00:24:39+0200","2019-05-08T00:28:02+0200","2019-05-08T00:28:03+0200","98","17408","False","True","in.c-leochan-ex-asana-502741844","c-leochan-ex-asana-502741844","in","2019-05-08T00:24:35+0200","2019-05-08T00:28:35+0200","False"
"in.c-leochan-ex-asana-502741844.sections","us-east-1","5150","sections","","2019-05-08T00:27:43+0200","2019-05-08T00:28:31+0200","2019-05-08T00:28:31+0200","425","13824","False","True","in.c-leochan-ex-asana-502741844","c-leochan-ex-asana-502741844","in","2019-05-08T00:24:35+0200","2019-05-08T00:28:35+0200","False"
"in.c-leochan-ex-asana-502741844.tasks","us-east-1","5150","tasks","id","2019-05-08T00:25:39+0200","2019-05-08T00:28:01+0200","2019-05-08T00:28:01+0200","3911","125952","False","True","in.c-leochan-ex-asana-502741844","c-leochan-ex-asana-502741844","in","2019-05-08T00:24:35+0200","2019-05-08T00:28:35+0200","False"
"in.c-leochan-ex-asana-502741844.task_details","us-east-1","5150","task_details","id","2019-05-08T00:25:52+0200","2019-05-08T00:28:04+0200","2019-05-08T00:28:04+0200","3911","528896","False","True","in.c-leochan-ex-asana-502741844","c-leochan-ex-asana-502741844","in","2019-05-08T00:24:35+0200","2019-05-08T00:28:35+0200","False"
"in.c-leochan-ex-asana-502741844.task_details-custom_field-enum_options","us-east-1","5150","task_details-custom_field-enum_options","","2019-05-08T00:26:14+0200","2019-05-08T00:28:00+0200","2019-05-08T00:28:00+0200","32910","263680","False","True","in.c-leochan-ex-asana-502741844","c-leochan-ex-asana-502741844","in","2019-05-08T00:24:35+0200","2019-05-08T00:28:35+0200","False"
"in.c-leochan-ex-asana-502741844.task_details-custom_fields","us-east-1","5150","task_details-custom_fields","","2019-05-08T00:26:04+0200","2019-05-08T00:28:00+0200","2019-05-08T00:28:00+0200","10945","239104","False","True","in.c-leochan-ex-asana-502741844","c-leochan-ex-asana-502741844","in","2019-05-08T00:24:35+0200","2019-05-08T00:28:35+0200","False"
"in.c-leochan-ex-asana-502741844.task_details-followers","us-east-1","5150","task_details-followers","","2019-05-08T00:26:25+0200","2019-05-08T00:27:59+0200","2019-05-08T00:28:00+0200","5579","49664","False","True","in.c-leochan-ex-asana-502741844","c-leochan-ex-asana-502741844","in","2019-05-08T00:24:35+0200","2019-05-08T00:28:35+0200","False"
"in.c-leochan-ex-asana-502741844.task_details-memberships","us-east-1","5150","task_details-memberships","","2019-05-08T00:26:46+0200","2019-05-08T00:28:30+0200","2019-05-08T00:28:30+0200","3962","59904","False","True","in.c-leochan-ex-asana-502741844","c-leochan-ex-asana-502741844","in","2019-05-08T00:24:35+0200","2019-05-08T00:28:35+0200","False"
"in.c-leochan-ex-asana-502741844.task_details-tags","us-east-1","5150","task_details-tags","","2019-05-08T00:26:35+0200","2019-05-08T00:28:29+0200","2019-05-08T00:28:29+0200","85","2560","False","True","in.c-leochan-ex-asana-502741844","c-leochan-ex-asana-502741844","in","2019-05-08T00:24:35+0200","2019-05-08T00:28:35+0200","False"
"in.c-leochan-ex-asana-502741844.task_stories","us-east-1","5150","task_stories","id","2019-05-08T00:27:10+0200","2019-05-08T00:28:35+0200","2019-05-08T00:28:35+0200","23522","1144320","False","True","in.c-leochan-ex-asana-502741844","c-leochan-ex-asana-502741844","in","2019-05-08T00:24:35+0200","2019-05-08T00:28:35+0200","False"
"in.c-leochan-ex-asana-502741844.task_subtasks","us-east-1","5150","task_subtasks","id","2019-05-08T00:26:56+0200","2019-05-08T00:28:32+0200","2019-05-08T00:28:33+0200","1565","52736","False","True","in.c-leochan-ex-asana-502741844","c-leochan-ex-asana-502741844","in","2019-05-08T00:24:35+0200","2019-05-08T00:28:35+0200","False"
"in.c-leochan-ex-asana-502741844.workspaces","us-east-1","5150","workspaces","","2019-05-08T00:27:22+0200","2019-05-08T00:28:30+0200","2019-05-08T00:28:31+0200","2","1024","False","True","in.c-leochan-ex-asana-502741844","c-leochan-ex-asana-502741844","in","2019-05-08T00:24:35+0200","2019-05-08T00:28:35+0200","False"
"in.c-kds-team-ex-trustpilot-507292349.business-units","us-east-1","5150","business-units","businessUnitId","2019-05-24T23:24:18+0200","2019-05-27T17:13:43+0200","2019-05-27T17:13:43+0200","5","4608","False","True","in.c-kds-team-ex-trustpilot-507292349","c-kds-team-ex-trustpilot-507292349","in","2019-05-24T23:23:54+0200","2019-05-27T17:13:43+0200","False"
"in.c-kds-team-ex-trustpilot-507292349.business-units-statistics","us-east-1","5150","business-units-statistics","id","2019-05-24T23:23:58+0200","2019-05-27T17:13:42+0200","2019-05-27T17:13:43+0200","5","2560","False","True","in.c-kds-team-ex-trustpilot-507292349","c-kds-team-ex-trustpilot-507292349","in","2019-05-24T23:23:54+0200","2019-05-27T17:13:43+0200","False"
"in.c-kds-team-ex-trustpilot-507292349.reviews","us-east-1","5150","reviews","id,consumer_id,businessUnit_id","2019-05-24T23:24:08+0200","2019-05-27T17:13:41+0200","2019-05-27T17:13:41+0200","1576","400384","False","True","in.c-kds-team-ex-trustpilot-507292349","c-kds-team-ex-trustpilot-507292349","in","2019-05-24T23:23:54+0200","2019-05-27T17:13:43+0200","False"
"in.c-leochan-google-trends-508769203.interest_by_city","us-east-1","5150","interest_by_city","","2019-05-30T13:06:15+0200","2019-05-30T13:06:54+0200","2019-05-30T13:06:54+0200","86","2048","False","True","in.c-leochan-google-trends-508769203","c-leochan-google-trends-508769203","in","2019-05-30T13:05:55+0200","2019-05-30T13:06:56+0200","False"
"in.c-leochan-google-trends-508769203.interest_by_country","us-east-1","5150","interest_by_country","","2019-05-30T13:06:23+0200","2019-05-30T13:06:56+0200","2019-05-30T13:06:56+0200","250","3584","False","True","in.c-leochan-google-trends-508769203","c-leochan-google-trends-508769203","in","2019-05-30T13:05:55+0200","2019-05-30T13:06:56+0200","False"
"in.c-leochan-google-trends-508769203.interest_over_time","us-east-1","5150","interest_over_time","","2019-05-30T13:06:07+0200","2019-05-30T13:06:54+0200","2019-05-30T13:06:54+0200","261","2560","False","True","in.c-leochan-google-trends-508769203","c-leochan-google-trends-508769203","in","2019-05-30T13:05:55+0200","2019-05-30T13:06:56+0200","False"
"in.c-leochan-google-trends-508769203.related_queries","us-east-1","5150","related_queries","","2019-05-30T13:06:40+0200","2019-05-30T13:06:55+0200","2019-05-30T13:06:55+0200","100","2560","False","True","in.c-leochan-google-trends-508769203","c-leochan-google-trends-508769203","in","2019-05-30T13:05:55+0200","2019-05-30T13:06:56+0200","False"
"in.c-leochan-google-trends-508769203.related_topics","us-east-1","5150","related_topics","","2019-05-30T13:06:31+0200","2019-05-30T13:06:54+0200","2019-05-30T13:06:54+0200","46","2048","False","True","in.c-leochan-google-trends-508769203","c-leochan-google-trends-508769203","in","2019-05-30T13:05:55+0200","2019-05-30T13:06:56+0200","False"
"in.c-leochan-google-trends-508769203.suggestions","us-east-1","5150","suggestions","","2019-05-30T13:05:59+0200","2019-05-30T13:06:54+0200","2019-05-30T13:06:54+0200","5","1024","False","True","in.c-leochan-google-trends-508769203","c-leochan-google-trends-508769203","in","2019-05-30T13:05:55+0200","2019-05-30T13:06:56+0200","False"
"out.c-f_scoring_vector_tt.gmail","us-east-1","5150","gmail","","2020-05-17T20:16:03+0200","2020-05-17T20:27:37+0200","2020-05-17T20:27:37+0200","3","1024","False","True","out.c-f_scoring_vector_tt","c-f_scoring_vector_tt","out","2019-06-17T16:35:51+0200","2020-05-17T20:27:38+0200","False"
"out.c-f_scoring_vector_tt.gmail-2","us-east-1","5150","gmail-2","","2020-05-17T20:26:25+0200","2020-05-17T20:27:38+0200","2020-05-17T20:27:38+0200","1","1024","False","True","out.c-f_scoring_vector_tt","c-f_scoring_vector_tt","out","2019-06-17T16:35:51+0200","2020-05-17T20:27:38+0200","False"
"out.c-f_scoring_vector_tt.tmp","us-east-1","5150","tmp","","2019-06-17T16:35:55+0200","","","","","False","True","out.c-f_scoring_vector_tt","c-f_scoring_vector_tt","out","2019-06-17T16:35:51+0200","2020-05-17T20:27:38+0200","False"
"in.c-keboola-ex-google-drive-513926783.test-Sheet1","us-east-1","5150","test-Sheet1","","2019-06-19T09:03:30+0200","2019-06-19T09:03:43+0200","2019-06-19T09:03:44+0200","6","1024","False","True","in.c-keboola-ex-google-drive-513926783","c-keboola-ex-google-drive-513926783","in","2019-06-19T09:03:26+0200","2019-06-19T09:03:44+0200","False"
"in.c-translate.test","us-east-1","5150","test","","2019-06-20T07:54:56+0200","2019-06-20T22:09:09+0200","2019-06-20T22:09:09+0200","3","1024","False","True","in.c-translate","c-translate","in","2019-06-20T07:54:34+0200","2019-06-20T22:09:09+0200","False"
"in.c-kds-team-ex-google-translation-514153345.translated-text","us-east-1","5150","translated-text","id","2019-06-20T08:00:04+0200","2019-06-23T21:06:16+0200","2019-06-23T21:06:16+0200","3","1024","False","True","in.c-kds-team-ex-google-translation-514153345","c-kds-team-ex-google-translation-514153345","in","2019-06-20T08:00:00+0200","2019-06-23T21:06:16+0200","False"
"in.c-nlp-test.csv-import","us-east-1","5150","csv-import","","2019-06-23T23:18:18+0200","2019-06-23T23:18:25+0200","2019-06-24T05:24:32+0200","8","1536","False","True","in.c-nlp-test","c-nlp-test","in","2019-06-23T07:24:17+0200","2019-06-24T05:24:32+0200","False"
"in.c-nlp-test.nlp-test","us-east-1","5150","nlp-test","","2019-06-23T23:17:57+0200","2019-06-23T23:18:04+0200","2019-06-24T05:24:20+0200","1","1536","False","True","in.c-nlp-test","c-nlp-test","in","2019-06-23T07:24:17+0200","2019-06-24T05:24:32+0200","False"
"in.c-nlp-test.test","us-east-1","5150","test","","2019-06-23T07:24:54+0200","2019-06-24T05:21:00+0200","2019-06-24T05:21:01+0200","8","1536","False","True","in.c-nlp-test","c-nlp-test","in","2019-06-23T07:24:17+0200","2019-06-24T05:24:32+0200","False"
"in.c-kds-team-ex-google-translation-515010573.translated-text","us-east-1","5150","translated-text","id","2019-06-23T21:08:03+0200","2019-06-23T22:23:33+0200","2019-06-23T22:23:33+0200","162","9216","False","True","in.c-kds-team-ex-google-translation-515010573","c-kds-team-ex-google-translation-515010573","in","2019-06-23T21:07:59+0200","2019-06-23T22:23:33+0200","False"
"in.c-kds-team-ex-google-nlp-514578758.categories","us-east-1","5150","categories","categoryDocumentId","2019-06-24T05:17:31+0200","2019-06-25T18:22:52+0200","2019-06-25T18:22:53+0200","1","1024","False","True","in.c-kds-team-ex-google-nlp-514578758","c-kds-team-ex-google-nlp-514578758","in","2019-06-24T05:16:29+0200","2019-06-25T18:22:55+0200","False"
"in.c-kds-team-ex-google-nlp-514578758.documents","us-east-1","5150","documents","documentId","2019-06-24T05:16:32+0200","2019-06-25T18:22:53+0200","2019-06-25T18:22:53+0200","3","1536","False","True","in.c-kds-team-ex-google-nlp-514578758","c-kds-team-ex-google-nlp-514578758","in","2019-06-24T05:16:29+0200","2019-06-25T18:22:55+0200","False"
"in.c-kds-team-ex-google-nlp-514578758.entities","us-east-1","5150","entities","entityId","2019-06-24T05:16:44+0200","2019-06-25T18:22:53+0200","2019-06-25T18:22:53+0200","20","3072","False","True","in.c-kds-team-ex-google-nlp-514578758","c-kds-team-ex-google-nlp-514578758","in","2019-06-24T05:16:29+0200","2019-06-25T18:22:55+0200","False"
"in.c-kds-team-ex-google-nlp-514578758.errors","us-east-1","5150","errors","","2019-06-24T05:17:07+0200","2019-06-25T18:22:49+0200","2019-06-25T18:22:49+0200","7","1536","False","True","in.c-kds-team-ex-google-nlp-514578758","c-kds-team-ex-google-nlp-514578758","in","2019-06-24T05:16:29+0200","2019-06-25T18:22:55+0200","False"
"in.c-kds-team-ex-google-nlp-514578758.mentions","us-east-1","5150","mentions","mentionId","2019-06-24T05:16:56+0200","2019-06-25T18:22:53+0200","2019-06-25T18:22:53+0200","44","4096","False","True","in.c-kds-team-ex-google-nlp-514578758","c-kds-team-ex-google-nlp-514578758","in","2019-06-24T05:16:29+0200","2019-06-25T18:22:55+0200","False"
"in.c-kds-team-ex-google-nlp-514578758.sentences","us-east-1","5150","sentences","sentenceId","2019-06-24T05:17:18+0200","2019-06-25T18:22:53+0200","2019-06-25T18:22:53+0200","15","2560","False","True","in.c-kds-team-ex-google-nlp-514578758","c-kds-team-ex-google-nlp-514578758","in","2019-06-24T05:16:29+0200","2019-06-25T18:22:55+0200","False"
"in.c-kds-team-ex-google-nlp-514578758.tokens","us-east-1","5150","tokens","tokenId","2019-06-24T05:26:35+0200","2019-06-25T18:22:55+0200","2019-06-25T18:22:55+0200","89","7680","False","True","in.c-kds-team-ex-google-nlp-514578758","c-kds-team-ex-google-nlp-514578758","in","2019-06-24T05:16:29+0200","2019-06-25T18:22:55+0200","False"
"in.c-kds-team-ex-google-nlp-515147232.categories","us-east-1","5150","categories","categoryDocumentId","2019-06-24T09:05:31+0200","2019-06-24T09:08:07+0200","2019-06-24T09:08:07+0200","1","1024","False","True","in.c-kds-team-ex-google-nlp-515147232","c-kds-team-ex-google-nlp-515147232","in","2019-06-24T09:04:16+0200","2019-06-24T09:08:10+0200","False"
"in.c-kds-team-ex-google-nlp-515147232.documents","us-east-1","5150","documents","documentId","2019-06-24T09:04:20+0200","2019-06-24T09:08:07+0200","2019-06-24T09:08:08+0200","2","1024","False","True","in.c-kds-team-ex-google-nlp-515147232","c-kds-team-ex-google-nlp-515147232","in","2019-06-24T09:04:16+0200","2019-06-24T09:08:10+0200","False"
"in.c-kds-team-ex-google-nlp-515147232.entities","us-east-1","5150","entities","entityId","2019-06-24T09:04:32+0200","2019-06-24T09:08:07+0200","2019-06-24T09:08:08+0200","18","3072","False","True","in.c-kds-team-ex-google-nlp-515147232","c-kds-team-ex-google-nlp-515147232","in","2019-06-24T09:04:16+0200","2019-06-24T09:08:10+0200","False"
"in.c-kds-team-ex-google-nlp-515147232.errors","us-east-1","5150","errors","","2019-06-24T09:04:55+0200","2019-06-24T09:08:03+0200","2019-06-24T09:08:04+0200","7","1536","False","True","in.c-kds-team-ex-google-nlp-515147232","c-kds-team-ex-google-nlp-515147232","in","2019-06-24T09:04:16+0200","2019-06-24T09:08:10+0200","False"
"in.c-kds-team-ex-google-nlp-515147232.mentions","us-east-1","5150","mentions","mentionId","2019-06-24T09:04:43+0200","2019-06-24T09:08:08+0200","2019-06-24T09:08:09+0200","23","3584","False","True","in.c-kds-team-ex-google-nlp-515147232","c-kds-team-ex-google-nlp-515147232","in","2019-06-24T09:04:16+0200","2019-06-24T09:08:10+0200","False"
"in.c-kds-team-ex-google-nlp-515147232.sentences","us-east-1","5150","sentences","sentenceId","2019-06-24T09:05:05+0200","2019-06-24T09:08:07+0200","2019-06-24T09:08:08+0200","7","2048","False","True","in.c-kds-team-ex-google-nlp-515147232","c-kds-team-ex-google-nlp-515147232","in","2019-06-24T09:04:16+0200","2019-06-24T09:08:10+0200","False"
"in.c-kds-team-ex-google-nlp-515147232.tokens","us-east-1","5150","tokens","tokenId","2019-06-24T09:05:17+0200","2019-06-24T09:08:09+0200","2019-06-24T09:08:10+0200","89","7680","False","True","in.c-kds-team-ex-google-nlp-515147232","c-kds-team-ex-google-nlp-515147232","in","2019-06-24T09:04:16+0200","2019-06-24T09:08:10+0200","False"
"out.c-test.datetime_test","us-east-1","5150","datetime_test","","2019-06-26T08:38:09+0200","2019-06-26T08:41:37+0200","2019-06-26T08:41:38+0200","2","1536","False","True","out.c-test","c-test","out","2019-06-26T08:38:05+0200","2019-06-26T08:41:38+0200","False"
"in.c-sendinblue.recipients","us-east-1","5150","recipients","","2019-08-19T10:54:30+0200","2019-08-30T22:16:58+0200","2019-08-30T22:16:59+0200","3","1536","False","True","in.c-sendinblue","c-sendinblue","in","2019-08-03T16:58:06+0200","2019-08-30T22:16:59+0200","False"
"in.c-sendinblue.reports","us-east-1","5150","reports","","2019-08-05T16:17:28+0200","2019-08-12T06:35:27+0200","2019-08-12T06:35:27+0200","5","1536","False","True","in.c-sendinblue","c-sendinblue","in","2019-08-03T16:58:06+0200","2019-08-30T22:16:59+0200","False"
"in.c-sendinblue.templates","us-east-1","5150","templates","","2019-08-03T16:58:10+0200","2019-08-07T20:21:16+0200","2019-08-07T20:21:16+0200","4","22528","False","True","in.c-sendinblue","c-sendinblue","in","2019-08-03T16:58:06+0200","2019-08-30T22:16:59+0200","False"
"in.c-csv-import.526034933","us-east-1","5150","526034933","","2019-08-04T23:39:14+0200","2019-08-04T23:39:21+0200","2019-08-04T23:39:21+0200","2","1024","False","True","in.c-csv-import","c-csv-import","in","2019-08-04T23:39:12+0200","2019-08-30T13:33:19+0200","False"
"in.c-csv-import.52603493321","us-east-1","5150","52603493321","","2019-08-04T23:40:18+0200","2019-08-04T23:40:24+0200","2019-08-04T23:40:24+0200","2","1024","False","True","in.c-csv-import","c-csv-import","in","2019-08-04T23:39:12+0200","2019-08-30T13:33:19+0200","False"
"in.c-csv-import.52603493321fds","us-east-1","5150","52603493321fds","","2019-08-04T23:44:06+0200","","","","","False","True","in.c-csv-import","c-csv-import","in","2019-08-04T23:39:12+0200","2019-08-30T13:33:19+0200","False"
"in.c-csv-import.52603493321fdsk","us-east-1","5150","52603493321fdsk","","2019-08-04T23:45:30+0200","2019-08-04T23:45:37+0200","2019-08-04T23:45:38+0200","6","1536","False","True","in.c-csv-import","c-csv-import","in","2019-08-04T23:39:12+0200","2019-08-30T13:33:19+0200","False"
"in.c-csv-import.526034933_20190829133327","us-east-1","5150","526034933_20190829133327","","2019-08-30T13:33:19+0200","2019-08-30T13:33:19+0200","2019-08-30T13:33:19+0200","2","1024","False","True","in.c-csv-import","c-csv-import","in","2019-08-04T23:39:12+0200","2019-08-30T13:33:19+0200","False"
"in.c-csv-import.526034933_snap","us-east-1","5150","526034933_snap","","2019-08-30T13:32:48+0200","2019-08-30T13:32:55+0200","2019-08-30T13:32:55+0200","2","1024","False","True","in.c-csv-import","c-csv-import","in","2019-08-04T23:39:12+0200","2019-08-30T13:33:19+0200","False"
"in.c-keboola-ex-gmail-526218700.headers","us-east-1","5150","headers","messageId,name,value","2019-08-05T14:23:06+0200","2019-08-05T14:34:31+0200","2019-08-05T14:34:31+0200","946","60928","False","True","in.c-keboola-ex-gmail-526218700","c-keboola-ex-gmail-526218700","in","2019-08-05T14:22:51+0200","2019-08-05T14:34:32+0200","False"
"in.c-keboola-ex-gmail-526218700.messages","us-east-1","5150","messages","id","2019-08-05T14:22:54+0200","2019-08-05T14:34:31+0200","2019-08-05T14:34:32+0200","31","1536","False","True","in.c-keboola-ex-gmail-526218700","c-keboola-ex-gmail-526218700","in","2019-08-05T14:22:51+0200","2019-08-05T14:34:32+0200","False"
"in.c-keboola-ex-gmail-526218700.parts","us-east-1","5150","parts","messageId,partId","2019-08-05T14:23:17+0200","2019-08-05T14:34:31+0200","2019-08-05T14:34:31+0200","58","102400","False","True","in.c-keboola-ex-gmail-526218700","c-keboola-ex-gmail-526218700","in","2019-08-05T14:22:51+0200","2019-08-05T14:34:32+0200","False"
"in.c-keboola-ex-gmail-526218700.queries","us-east-1","5150","queries","query,messageId","2019-08-05T14:23:29+0200","2019-08-05T14:34:31+0200","2019-08-05T14:34:32+0200","31","1536","False","True","in.c-keboola-ex-gmail-526218700","c-keboola-ex-gmail-526218700","in","2019-08-05T14:22:51+0200","2019-08-05T14:34:32+0200","False"
"in.c-keboola-ex-gmail-526223213.headers","us-east-1","5150","headers","messageId,name,value","2019-08-05T14:43:57+0200","2019-08-05T14:44:05+0200","2019-08-05T14:44:05+0200","0","0","False","True","in.c-keboola-ex-gmail-526223213","c-keboola-ex-gmail-526223213","in","2019-08-05T14:43:43+0200","2019-08-05T14:44:05+0200","False"
"in.c-keboola-ex-gmail-526223213.messages","us-east-1","5150","messages","id","2019-08-05T14:43:47+0200","2019-08-05T14:43:54+0200","2019-08-05T14:43:55+0200","0","0","False","True","in.c-keboola-ex-gmail-526223213","c-keboola-ex-gmail-526223213","in","2019-08-05T14:43:43+0200","2019-08-05T14:44:05+0200","False"
"in.c-keboola-ex-gmail-526223500.headers","us-east-1","5150","headers","messageId,name,value","2019-08-05T14:46:28+0200","2019-08-05T14:47:09+0200","2019-08-05T14:47:09+0200","92","8192","False","True","in.c-keboola-ex-gmail-526223500","c-keboola-ex-gmail-526223500","in","2019-08-05T14:46:13+0200","2019-08-05T14:47:10+0200","False"
"in.c-keboola-ex-gmail-526223500.messages","us-east-1","5150","messages","id","2019-08-05T14:46:17+0200","2019-08-05T14:47:10+0200","2019-08-05T14:47:10+0200","4","1024","False","True","in.c-keboola-ex-gmail-526223500","c-keboola-ex-gmail-526223500","in","2019-08-05T14:46:13+0200","2019-08-05T14:47:10+0200","False"
"in.c-keboola-ex-gmail-526223500.parts","us-east-1","5150","parts","messageId,partId","2019-08-05T14:46:37+0200","2019-08-05T14:47:10+0200","2019-08-05T14:47:10+0200","4","2048","False","True","in.c-keboola-ex-gmail-526223500","c-keboola-ex-gmail-526223500","in","2019-08-05T14:46:13+0200","2019-08-05T14:47:10+0200","False"
"in.c-keboola-ex-gmail-526223500.queries","us-east-1","5150","queries","query,messageId","2019-08-05T14:46:50+0200","2019-08-05T14:47:10+0200","2019-08-05T14:47:10+0200","4","1024","False","True","in.c-keboola-ex-gmail-526223500","c-keboola-ex-gmail-526223500","in","2019-08-05T14:46:13+0200","2019-08-05T14:47:10+0200","False"
"in.c-keboola-ex-aws-s3-526539796.null-byte-test","us-east-1","5150","null-byte-test","","2019-08-06T17:33:08+0200","2019-08-07T11:05:58+0200","2019-08-07T11:05:59+0200","10","1536","False","True","in.c-keboola-ex-aws-s3-526539796","c-keboola-ex-aws-s3-526539796","in","2019-08-06T17:23:21+0200","2019-08-07T11:05:59+0200","False"
"in.c-apac-ex-gmail-attachments-526707778.gmail-test","us-east-1","5150","gmail-test","","2019-08-07T06:48:18+0200","2019-08-07T06:48:34+0200","2019-08-07T06:48:34+0200","3","1024","False","True","in.c-apac-ex-gmail-attachments-526707778","c-apac-ex-gmail-attachments-526707778","in","2019-08-07T06:36:43+0200","2019-08-07T06:48:34+0200","False"
"in.c-apac-ex-gmail-attachments-526707778.null-byte-test","us-east-1","5150","null-byte-test","","2019-08-07T06:40:32+0200","2019-08-07T06:42:01+0200","2019-08-07T06:42:01+0200","15","1536","False","True","in.c-apac-ex-gmail-attachments-526707778","c-apac-ex-gmail-attachments-526707778","in","2019-08-07T06:36:43+0200","2019-08-07T06:48:34+0200","False"
"in.c-apac-ex-gmail-attachments-526713224.gmail-test","us-east-1","5150","gmail-test","","2019-08-07T06:57:14+0200","2019-08-07T06:57:28+0200","2019-08-07T06:57:28+0200","3","1024","False","True","in.c-apac-ex-gmail-attachments-526713224","c-apac-ex-gmail-attachments-526713224","in","2019-08-07T06:57:10+0200","2019-08-07T06:57:28+0200","False"
"in.c-ex-sendinblue.events","us-east-1","5150","events","email,date,messageId,event,tag,ip","2019-08-09T09:57:27+0200","2019-08-09T10:02:33+0200","2019-08-09T10:02:33+0200","128","3584","False","True","in.c-ex-sendinblue","c-ex-sendinblue","in","2019-08-08T01:12:54+0200","2019-08-09T10:02:33+0200","False"
"in.c-ex-sendinblue.templates","us-east-1","5150","templates","","2019-08-08T01:13:01+0200","2019-08-08T01:13:17+0200","2019-08-08T01:13:17+0200","4","22528","False","True","in.c-ex-sendinblue","c-ex-sendinblue","in","2019-08-08T01:12:54+0200","2019-08-09T10:02:33+0200","False"
"out.c-kds-team-app-sendinblue-526955682.errors","us-east-1","5150","errors","","2019-08-08T03:29:58+0200","2019-08-08T04:16:41+0200","2019-08-08T04:16:42+0200","1","1024","False","True","out.c-kds-team-app-sendinblue-526955682","c-kds-team-app-sendinblue-526955682","out","2019-08-08T03:29:43+0200","2019-08-08T04:16:45+0200","False"
"out.c-kds-team-app-sendinblue-526955682.messages","us-east-1","5150","messages","messageId","2019-08-08T03:29:46+0200","2019-08-08T04:16:44+0200","2019-08-08T04:16:45+0200","5","1536","False","True","out.c-kds-team-app-sendinblue-526955682","c-kds-team-app-sendinblue-526955682","out","2019-08-08T03:29:43+0200","2019-08-08T04:16:45+0200","False"
"out.c-kds-team-app-sendinblue-526980025.errors","us-east-1","5150","errors","","2019-08-19T11:01:17+0200","2019-08-19T11:25:20+0200","2019-08-19T11:25:20+0200","2","1536","False","True","out.c-kds-team-app-sendinblue-526980025","c-kds-team-app-sendinblue-526980025","out","2019-08-19T11:00:57+0200","2019-08-19T11:25:24+0200","False"
"out.c-kds-team-app-sendinblue-526980025.messages","us-east-1","5150","messages","messageId","2019-08-19T11:01:03+0200","2019-08-19T11:25:24+0200","2019-08-19T11:25:24+0200","5","1536","False","True","out.c-kds-team-app-sendinblue-526980025","c-kds-team-app-sendinblue-526980025","out","2019-08-19T11:00:57+0200","2019-08-19T11:25:24+0200","False"
"in.c-kds-team-ex-2performant-530680133.commissions","us-east-1","5150","commissions","id","2019-08-20T21:38:35+0200","2019-09-17T20:10:01+0200","2019-09-17T20:10:02+0200","517","111616","False","True","in.c-kds-team-ex-2performant-530680133","c-kds-team-ex-2performant-530680133","in","2019-08-20T21:38:32+0200","2019-09-17T20:10:02+0200","False"
"in.c-users.users","us-east-1","5150","users","","2019-08-22T17:55:26+0200","2019-08-22T17:55:34+0200","2019-08-22T17:55:34+0200","3","1024","False","True","in.c-users","c-users","in","2019-08-22T17:54:03+0200","2019-08-22T17:55:34+0200","False"
"out.c-GDUserManagement.status","us-east-1","5150","status","","2019-08-22T17:56:12+0200","2019-08-22T17:56:28+0200","2019-08-22T17:56:28+0200","10","2048","False","True","out.c-GDUserManagement","c-GDUserManagement","out","2019-08-22T17:56:08+0200","2019-08-22T17:56:28+0200","False"
"in.c-keboola-ex-storage-531234514.commissions","us-east-1","5150","commissions","commissionId","2019-10-17T10:48:35+0200","2019-10-17T10:48:58+0200","2019-10-17T10:48:58+0200","33787","902144","False","True","in.c-keboola-ex-storage-531234514","c-keboola-ex-storage-531234514","in","2019-10-17T10:48:32+0200","2019-10-17T10:48:58+0200","False"
"in.c-mailgun-demo.mailing-list","us-east-1","5150","mailing-list","","2019-10-20T03:18:27+0200","2019-10-20T03:29:47+0200","2019-10-20T03:29:47+0200","2","2048","False","True","in.c-mailgun-demo","c-mailgun-demo","in","2019-10-20T03:18:13+0200","2019-10-20T03:29:47+0200","False"
"in.c-kds-team-ex-gooddata-validation-544816882.validation","us-east-1","5150","validation","","2019-10-20T05:39:47+0200","2019-10-20T05:40:01+0200","2019-10-20T05:40:01+0200","4","2048","False","True","in.c-kds-team-ex-gooddata-validation-544816882","c-kds-team-ex-gooddata-validation-544816882","in","2019-10-20T05:39:43+0200","2019-10-20T05:40:01+0200","False"
"in.c-bizztreat-ex-itunes-analytics-543652512.apps","us-east-1","5150","apps","adamId","2019-11-28T21:33:43+0100","2020-07-16T08:51:57+0200","2020-07-16T08:51:57+0200","1","2048","False","True","in.c-bizztreat-ex-itunes-analytics-543652512","c-bizztreat-ex-itunes-analytics-543652512","in","2019-11-28T21:33:39+0100","2020-07-16T08:51:57+0200","False"
"in.c-bizztreat-ex-itunes-analytics-543652512.data","us-east-1","5150","data","date,metric,appId","2019-11-28T21:33:53+0100","2019-11-28T21:34:11+0100","2019-11-28T21:34:11+0100","4","1024","False","True","in.c-bizztreat-ex-itunes-analytics-543652512","c-bizztreat-ex-itunes-analytics-543652512","in","2019-11-28T21:33:39+0100","2020-07-16T08:51:57+0200","False"
"in.c-kds-team-ex-microsoft-dynamics-563532388.contacts","us-east-1","5150","contacts","contactid","2020-01-26T15:19:07+0100","2020-01-26T15:24:26+0100","2020-01-26T15:24:26+0100","230","8192","False","True","in.c-kds-team-ex-microsoft-dynamics-563532388","c-kds-team-ex-microsoft-dynamics-563532388","in","2020-01-10T16:20:59+0100","2020-01-26T15:24:26+0100","False"
"in.c-kds-team-app-mailgun-v2-544791419.errors","us-east-1","5150","errors","request_id","2020-02-02T15:46:53+0100","2020-02-02T17:03:44+0100","2020-02-02T17:03:44+0100","2","2048","False","True","in.c-kds-team-app-mailgun-v2-544791419","c-kds-team-app-mailgun-v2-544791419","in","2020-02-02T15:46:38+0100","2020-02-02T17:03:44+0100","False"
"in.c-kds-team-app-mailgun-v2-544791419.messages","us-east-1","5150","messages","message_id","2020-02-02T15:46:42+0100","2020-02-02T17:03:42+0100","2020-02-02T17:03:42+0100","2","2048","False","True","in.c-kds-team-app-mailgun-v2-544791419","c-kds-team-app-mailgun-v2-544791419","in","2020-02-02T15:46:38+0100","2020-02-02T17:03:44+0100","False"
"in.c-kds-team-ex-kbc-project-metadata-v2-573442144.orchestrations","us-east-1","5150","orchestrations","id,region","2020-02-18T23:29:52+0100","2020-02-19T00:29:04+0100","2020-02-19T00:29:04+0100","630","62976","False","True","in.c-kds-team-ex-kbc-project-metadata-v2-573442144","c-kds-team-ex-kbc-project-metadata-v2-573442144","in","2020-02-18T23:29:49+0100","2020-02-19T00:39:43+0100","False"
"in.c-kds-team-ex-kbc-project-metadata-v2-573442144.tokens","us-east-1","5150","tokens","id,region","2020-02-18T23:30:24+0100","2020-02-19T00:29:04+0100","2020-02-19T00:29:04+0100","2257","96256","False","True","in.c-kds-team-ex-kbc-project-metadata-v2-573442144","c-kds-team-ex-kbc-project-metadata-v2-573442144","in","2020-02-18T23:29:49+0100","2020-02-19T00:39:43+0100","False"
"in.c-kds-team-ex-kbc-project-metadata-v2-573442144.waiting-jobs","us-east-1","5150","waiting-jobs","id,region","2020-02-18T23:30:06+0100","2020-02-19T00:39:42+0100","2020-02-19T00:39:43+0100","102","6656","False","True","in.c-kds-team-ex-kbc-project-metadata-v2-573442144","c-kds-team-ex-kbc-project-metadata-v2-573442144","in","2020-02-18T23:29:49+0100","2020-02-19T00:39:43+0100","False"
"in.c-kds-team-ex-kbc-project-metadata-v2-573461197.configurations","us-east-1","5150","configurations","id,region","2020-02-19T01:12:16+0100","2020-05-14T14:21:07+0200","2020-05-14T14:21:07+0200","69","8704","False","True","in.c-kds-team-ex-kbc-project-metadata-v2-573461197","c-kds-team-ex-kbc-project-metadata-v2-573461197","in","2020-02-19T01:12:04+0100","2020-05-14T14:21:36+0200","False"
"in.c-kds-team-ex-kbc-project-metadata-v2-573461197.orchestrations","us-east-1","5150","orchestrations","id,region","2020-02-19T10:57:04+0100","2020-05-14T14:21:04+0200","2020-05-14T14:21:05+0200","2","2560","False","True","in.c-kds-team-ex-kbc-project-metadata-v2-573461197","c-kds-team-ex-kbc-project-metadata-v2-573461197","in","2020-02-19T01:12:04+0100","2020-05-14T14:21:36+0200","False"
"in.c-kds-team-ex-kbc-project-metadata-v2-573461197.orchestrations-notifications","us-east-1","5150","orchestrations-notifications","orchestration_id,region,email,channel","2020-05-14T14:18:32+0200","2020-05-14T14:21:03+0200","2020-05-14T14:21:03+0200","3","1536","False","True","in.c-kds-team-ex-kbc-project-metadata-v2-573461197","c-kds-team-ex-kbc-project-metadata-v2-573461197","in","2020-02-19T01:12:04+0100","2020-05-14T14:21:36+0200","False"
"in.c-kds-team-ex-kbc-project-metadata-v2-573461197.orchestrations-tasks","us-east-1","5150","orchestrations-tasks","id,region","2020-05-14T14:18:46+0200","2020-05-14T14:21:04+0200","2020-05-14T14:21:04+0200","5","2048","False","True","in.c-kds-team-ex-kbc-project-metadata-v2-573461197","c-kds-team-ex-kbc-project-metadata-v2-573461197","in","2020-02-19T01:12:04+0100","2020-05-14T14:21:36+0200","False"
"in.c-kds-team-ex-kbc-project-metadata-v2-573461197.tables","us-east-1","5150","tables","id,region,project_id","2020-02-19T01:12:58+0100","2020-05-14T14:21:05+0200","2020-05-14T14:21:06+0200","201","18432","False","True","in.c-kds-team-ex-kbc-project-metadata-v2-573461197","c-kds-team-ex-kbc-project-metadata-v2-573461197","in","2020-02-19T01:12:04+0100","2020-05-14T14:21:36+0200","False"
"in.c-kds-team-ex-kbc-project-metadata-v2-573461197.tables-metadata","us-east-1","5150","tables-metadata","id,table_id,region,project_id","2020-02-19T01:14:06+0100","2020-05-14T14:21:05+0200","2020-05-14T14:21:05+0200","624","14336","False","True","in.c-kds-team-ex-kbc-project-metadata-v2-573461197","c-kds-team-ex-kbc-project-metadata-v2-573461197","in","2020-02-19T01:12:04+0100","2020-05-14T14:21:36+0200","False"
"in.c-kds-team-ex-kbc-project-metadata-v2-573461197.tokens","us-east-1","5150","tokens","id,region","2020-02-19T10:57:35+0100","2020-05-14T14:21:06+0200","2020-05-14T14:21:07+0200","11","3072","False","True","in.c-kds-team-ex-kbc-project-metadata-v2-573461197","c-kds-team-ex-kbc-project-metadata-v2-573461197","in","2020-02-19T01:12:04+0100","2020-05-14T14:21:36+0200","False"
"in.c-kds-team-ex-kbc-project-metadata-v2-573461197.tokens-last-events","us-east-1","5150","tokens-last-events","token_id,region,project_id","2020-05-14T14:19:00+0200","2020-05-14T14:21:04+0200","2020-05-14T14:21:04+0200","4","2560","False","True","in.c-kds-team-ex-kbc-project-metadata-v2-573461197","c-kds-team-ex-kbc-project-metadata-v2-573461197","in","2020-02-19T01:12:04+0100","2020-05-14T14:21:36+0200","False"
"in.c-kds-team-ex-kbc-project-metadata-v2-573461197.transformations","us-east-1","5150","transformations","id,region,project_id","2020-05-14T14:19:17+0200","2020-05-14T14:21:05+0200","2020-05-14T14:21:05+0200","5","3072","False","True","in.c-kds-team-ex-kbc-project-metadata-v2-573461197","c-kds-team-ex-kbc-project-metadata-v2-573461197","in","2020-02-19T01:12:04+0100","2020-05-14T14:21:36+0200","False"
"in.c-kds-team-ex-kbc-project-metadata-v2-573461197.transformations-buckets","us-east-1","5150","transformations-buckets","id,region,project_id","2020-05-14T14:19:30+0200","2020-05-14T14:21:35+0200","2020-05-14T14:21:36+0200","2","2048","False","True","in.c-kds-team-ex-kbc-project-metadata-v2-573461197","c-kds-team-ex-kbc-project-metadata-v2-573461197","in","2020-02-19T01:12:04+0100","2020-05-14T14:21:36+0200","False"
"in.c-kds-team-ex-kbc-project-metadata-v2-573461197.transformations-inputs","us-east-1","5150","transformations-inputs","transformation_id,region,source,destination","2020-05-14T14:19:45+0200","2020-05-14T14:21:35+0200","2020-05-14T14:21:35+0200","5","2048","False","True","in.c-kds-team-ex-kbc-project-metadata-v2-573461197","c-kds-team-ex-kbc-project-metadata-v2-573461197","in","2020-02-19T01:12:04+0100","2020-05-14T14:21:36+0200","False"
"in.c-kds-team-ex-kbc-project-metadata-v2-573461197.transformations-outputs","us-east-1","5150","transformations-outputs","transformation_id,region,destination,source","2020-05-14T14:19:59+0200","2020-05-14T14:21:34+0200","2020-05-14T14:21:35+0200","1","1536","False","True","in.c-kds-team-ex-kbc-project-metadata-v2-573461197","c-kds-team-ex-kbc-project-metadata-v2-573461197","in","2020-02-19T01:12:04+0100","2020-05-14T14:21:36+0200","False"
"in.c-kds-team-ex-kbc-project-metadata-v2-573461197.transformations-queries","us-east-1","5150","transformations-queries","transformation_id,region,query_index","2020-05-14T14:20:12+0200","2020-05-14T14:21:34+0200","2020-05-14T14:21:34+0200","9","2048","False","True","in.c-kds-team-ex-kbc-project-metadata-v2-573461197","c-kds-team-ex-kbc-project-metadata-v2-573461197","in","2020-02-19T01:12:04+0100","2020-05-14T14:21:36+0200","False"
"in.c-kds-team-ex-kbc-project-metadata-v2-573461197.triggers","us-east-1","5150","triggers","id,region,project_id","2020-05-14T14:20:27+0200","2020-05-14T14:21:35+0200","2020-05-14T14:21:35+0200","1","1536","False","True","in.c-kds-team-ex-kbc-project-metadata-v2-573461197","c-kds-team-ex-kbc-project-metadata-v2-573461197","in","2020-02-19T01:12:04+0100","2020-05-14T14:21:36+0200","False"
"in.c-kds-team-ex-kbc-project-metadata-v2-573461197.triggers-tables","us-east-1","5150","triggers-tables","trigger_id,region,project_id","2020-05-14T14:20:41+0200","2020-05-14T14:21:34+0200","2020-05-14T14:21:34+0200","1","1024","False","True","in.c-kds-team-ex-kbc-project-metadata-v2-573461197","c-kds-team-ex-kbc-project-metadata-v2-573461197","in","2020-02-19T01:12:04+0100","2020-05-14T14:21:36+0200","False"
"in.c-kds-team-ex-kbc-project-metadata-v2-573461197.waiting-jobs","us-east-1","5150","waiting-jobs","id,region","2020-02-19T10:57:20+0100","2020-05-14T14:21:04+0200","2020-05-14T14:21:05+0200","1","2048","False","True","in.c-kds-team-ex-kbc-project-metadata-v2-573461197","c-kds-team-ex-kbc-project-metadata-v2-573461197","in","2020-02-19T01:12:04+0100","2020-05-14T14:21:36+0200","False"
"in.c-kds-team-ex-jira-574561857.boards","us-east-1","5150","boards","id","2020-08-05T18:35:38+0200","2020-08-05T18:36:27+0200","2020-08-05T18:36:27+0200","16","1536","False","True","in.c-kds-team-ex-jira-574561857","c-kds-team-ex-jira-574561857","in","2020-02-23T12:44:21+0100","2020-08-05T18:36:29+0200","False"
"in.c-kds-team-ex-jira-574561857.fields","us-east-1","5150","fields","id,key","2020-02-23T12:44:38+0100","2020-08-05T18:36:27+0200","2020-08-05T18:36:27+0200","82","3072","False","True","in.c-kds-team-ex-jira-574561857","c-kds-team-ex-jira-574561857","in","2020-02-23T12:44:21+0100","2020-08-05T18:36:29+0200","False"
"in.c-kds-team-ex-jira-574561857.issues","us-east-1","5150","issues","id,key","2020-02-23T12:45:04+0100","2020-08-05T18:36:28+0200","2020-08-05T18:36:28+0200","717","437760","False","True","in.c-kds-team-ex-jira-574561857","c-kds-team-ex-jira-574561857","in","2020-02-23T12:44:21+0100","2020-08-05T18:36:29+0200","False"
"in.c-kds-team-ex-jira-574561857.issues-changelogs","us-east-1","5150","issues-changelogs","id,issue_key,field","2020-07-19T02:00:46+0200","2020-08-05T18:36:28+0200","2020-08-05T18:36:29+0200","69681","4575744","False","True","in.c-kds-team-ex-jira-574561857","c-kds-team-ex-jira-574561857","in","2020-02-23T12:44:21+0100","2020-08-05T18:36:29+0200","False"
"in.c-kds-team-ex-jira-574561857.projects","us-east-1","5150","projects","id,key","2020-02-23T12:44:24+0100","2020-08-05T18:36:26+0200","2020-08-05T18:36:27+0200","3","1536","False","True","in.c-kds-team-ex-jira-574561857","c-kds-team-ex-jira-574561857","in","2020-02-23T12:44:21+0100","2020-08-05T18:36:29+0200","False"
"in.c-kds-team-ex-jira-574561857.sprints","us-east-1","5150","sprints","id","2020-08-05T18:35:51+0200","2020-08-05T18:36:27+0200","2020-08-05T18:36:27+0200","91","7680","False","True","in.c-kds-team-ex-jira-574561857","c-kds-team-ex-jira-574561857","in","2020-02-23T12:44:21+0100","2020-08-05T18:36:29+0200","False"
"in.c-kds-team-ex-jira-574561857.sprints-issues","us-east-1","5150","sprints-issues","issue_id,sprint_id","2020-08-05T18:36:04+0200","2020-08-05T18:36:26+0200","2020-08-05T18:36:27+0200","358","4096","False","True","in.c-kds-team-ex-jira-574561857","c-kds-team-ex-jira-574561857","in","2020-02-23T12:44:21+0100","2020-08-05T18:36:29+0200","False"
"in.c-kds-team-ex-jira-574561857.users","us-east-1","5150","users","account_id","2020-02-23T12:44:51+0100","2020-08-05T18:36:27+0200","2020-08-05T18:36:27+0200","136","6656","False","True","in.c-kds-team-ex-jira-574561857","c-kds-team-ex-jira-574561857","in","2020-02-23T12:44:21+0100","2020-08-05T18:36:29+0200","False"
"in.c-kds-team-ex-jira-574561857.worklogs","us-east-1","5150","worklogs","id","2020-02-23T12:45:19+0100","2020-08-05T18:36:27+0200","2020-08-05T18:36:28+0200","406","20480","False","True","in.c-kds-team-ex-jira-574561857","c-kds-team-ex-jira-574561857","in","2020-02-23T12:44:21+0100","2020-08-05T18:36:29+0200","False"
"in.c-kds-team-ex-jira-574561857.worklogs-deleted","us-east-1","5150","worklogs-deleted","worklog_id","2020-02-23T12:45:34+0100","2020-08-05T18:36:26+0200","2020-08-05T18:36:27+0200","1","1024","False","True","in.c-kds-team-ex-jira-574561857","c-kds-team-ex-jira-574561857","in","2020-02-23T12:44:21+0100","2020-08-05T18:36:29+0200","False"
"in.c-leochan-google-trends-585348091.interest_by_city","us-east-1","5150","interest_by_city","","2020-04-03T11:15:18+0200","2020-04-03T11:16:09+0200","2020-04-03T11:16:10+0200","200","3072","False","True","in.c-leochan-google-trends-585348091","c-leochan-google-trends-585348091","in","2020-04-03T11:14:52+0200","2020-04-03T11:16:11+0200","False"
"in.c-leochan-google-trends-585348091.interest_by_country","us-east-1","5150","interest_by_country","","2020-04-03T11:15:30+0200","2020-04-03T11:16:10+0200","2020-04-03T11:16:11+0200","250","3584","False","True","in.c-leochan-google-trends-585348091","c-leochan-google-trends-585348091","in","2020-04-03T11:14:52+0200","2020-04-03T11:16:11+0200","False"
"in.c-leochan-google-trends-585348091.interest_over_time","us-east-1","5150","interest_over_time","","2020-04-03T11:15:06+0200","2020-04-03T11:16:10+0200","2020-04-03T11:16:10+0200","168","2560","False","True","in.c-leochan-google-trends-585348091","c-leochan-google-trends-585348091","in","2020-04-03T11:14:52+0200","2020-04-03T11:16:11+0200","False"
"in.c-leochan-google-trends-585348091.related_queries","us-east-1","5150","related_queries","","2020-04-03T11:15:50+0200","2020-04-03T11:16:09+0200","2020-04-03T11:16:09+0200","100","2048","False","True","in.c-leochan-google-trends-585348091","c-leochan-google-trends-585348091","in","2020-04-03T11:14:52+0200","2020-04-03T11:16:11+0200","False"
"in.c-leochan-google-trends-585348091.related_topics","us-east-1","5150","related_topics","","2020-04-03T11:15:40+0200","2020-04-03T11:16:09+0200","2020-04-03T11:16:10+0200","45","2048","False","True","in.c-leochan-google-trends-585348091","c-leochan-google-trends-585348091","in","2020-04-03T11:14:52+0200","2020-04-03T11:16:11+0200","False"
"in.c-leochan-google-trends-585348091.suggestions","us-east-1","5150","suggestions","","2020-04-03T11:14:55+0200","2020-04-03T11:16:10+0200","2020-04-03T11:16:10+0200","6","1024","False","True","in.c-leochan-google-trends-585348091","c-leochan-google-trends-585348091","in","2020-04-03T11:14:52+0200","2020-04-03T11:16:11+0200","False"
"in.c-keboola-ex-onedrive-584246601.anothersheet","us-east-1","5150","anothersheet","","2020-04-08T17:22:35+0200","2020-04-08T17:22:51+0200","2020-04-08T17:22:51+0200","1","1024","False","True","in.c-keboola-ex-onedrive-584246601","c-keboola-ex-onedrive-584246601","in","2020-04-06T10:28:38+0200","2020-04-08T18:48:47+0200","False"
"in.c-keboola-ex-onedrive-584246601.Sheet1","us-east-1","5150","Sheet1","","2020-04-06T10:28:42+0200","2020-04-08T12:25:32+0200","2020-04-08T12:25:32+0200","1","1024","False","True","in.c-keboola-ex-onedrive-584246601","c-keboola-ex-onedrive-584246601","in","2020-04-06T10:28:38+0200","2020-04-08T18:48:47+0200","False"
"in.c-kds-team-ex-liveagent-586657247.agents","us-east-1","5150","agents","id","2020-04-08T12:15:07+0200","2020-04-08T12:17:11+0200","2020-04-08T12:17:12+0200","71","6656","False","True","in.c-kds-team-ex-liveagent-586657247","c-kds-team-ex-liveagent-586657247","in","2020-04-08T12:15:02+0200","2020-04-08T12:17:17+0200","False"
"in.c-kds-team-ex-liveagent-586657247.calls","us-east-1","5150","calls","id","2020-04-08T12:15:19+0200","2020-04-08T12:17:15+0200","2020-04-08T12:17:16+0200","7016","367616","False","True","in.c-kds-team-ex-liveagent-586657247","c-kds-team-ex-liveagent-586657247","in","2020-04-08T12:15:02+0200","2020-04-08T12:17:17+0200","False"
"in.c-kds-team-ex-liveagent-586657247.companies","us-east-1","5150","companies","id","2020-04-08T12:15:37+0200","2020-04-08T12:17:11+0200","2020-04-08T12:17:12+0200","0","0","False","True","in.c-kds-team-ex-liveagent-586657247","c-kds-team-ex-liveagent-586657247","in","2020-04-08T12:15:02+0200","2020-04-08T12:17:17+0200","False"
"in.c-kds-team-ex-liveagent-586657247.contacts","us-east-1","5150","contacts","id","2020-04-08T12:15:58+0200","2020-04-08T12:17:15+0200","2020-04-08T12:17:15+0200","11601","800256","False","True","in.c-kds-team-ex-liveagent-586657247","c-kds-team-ex-liveagent-586657247","in","2020-04-08T12:15:02+0200","2020-04-08T12:17:17+0200","False"
"in.c-kds-team-ex-liveagent-586657247.departments","us-east-1","5150","departments","department_id","2020-04-08T12:16:15+0200","2020-04-08T12:17:16+0200","2020-04-08T12:17:16+0200","16","2560","False","True","in.c-kds-team-ex-liveagent-586657247","c-kds-team-ex-liveagent-586657247","in","2020-04-08T12:15:02+0200","2020-04-08T12:17:17+0200","False"
"in.c-kds-team-ex-liveagent-586657247.tags","us-east-1","5150","tags","id","2020-04-08T12:16:28+0200","2020-04-08T12:17:13+0200","2020-04-08T12:17:13+0200","10","1536","False","True","in.c-kds-team-ex-liveagent-586657247","c-kds-team-ex-liveagent-586657247","in","2020-04-08T12:15:02+0200","2020-04-08T12:17:17+0200","False"
"in.c-kds-team-ex-liveagent-586657247.tickets","us-east-1","5150","tickets","id","2020-04-08T12:16:43+0200","2020-04-08T12:17:17+0200","2020-04-08T12:17:17+0200","19165","2596352","False","True","in.c-kds-team-ex-liveagent-586657247","c-kds-team-ex-liveagent-586657247","in","2020-04-08T12:15:02+0200","2020-04-08T12:17:17+0200","False"
"in.c-keboola-ex-aws-s3-591520212.test","us-east-1","5150","test","order_id","2020-04-24T18:07:49+0200","2020-07-16T08:54:14+0200","2020-07-16T08:54:15+0200","879289","6717440","False","True","in.c-keboola-ex-aws-s3-591520212","c-keboola-ex-aws-s3-591520212","in","2020-04-24T18:03:11+0200","2020-07-16T08:54:15+0200","False"
"out.c-prod-transformation.processed","us-east-1","5150","processed","","2020-04-28T14:45:50+0200","2020-04-28T14:46:07+0200","2020-04-28T14:46:08+0200","8","1536","False","True","out.c-prod-transformation","c-prod-transformation","out","2020-04-28T14:45:46+0200","2020-04-28T14:46:08+0200","False"
"out.c-dev-test.res","us-east-1","5150","res","","2020-04-29T09:19:29+0200","2020-04-29T09:19:36+0200","2020-04-29T09:19:37+0200","1","1024","False","True","out.c-dev-test","c-dev-test","out","2020-04-29T09:19:25+0200","2020-04-29T09:19:37+0200","False"
"in.c-keboola-ex-onedrive-591426957.hcvn-master","us-east-1","5150","hcvn-master","","2020-05-04T10:54:27+0200","2020-05-04T10:55:06+0200","2020-05-04T10:55:06+0200","4318","44544","False","True","in.c-keboola-ex-onedrive-591426957","c-keboola-ex-onedrive-591426957","in","2020-05-04T10:54:08+0200","2020-05-04T11:05:22+0200","False"
"in.c-keboola-ex-onedrive-591426957.new-sheet","us-east-1","5150","new-sheet","","2020-05-04T10:54:43+0200","2020-05-04T10:54:59+0200","2020-05-04T10:55:00+0200","6","1024","False","True","in.c-keboola-ex-onedrive-591426957","c-keboola-ex-onedrive-591426957","in","2020-05-04T10:54:08+0200","2020-05-04T11:05:22+0200","False"
"in.c-keboola-ex-onedrive-591426957.sheet1","us-east-1","5150","sheet1","","2020-05-04T10:54:12+0200","2020-05-04T10:54:26+0200","2020-05-04T10:54:27+0200","0","0","False","True","in.c-keboola-ex-onedrive-591426957","c-keboola-ex-onedrive-591426957","in","2020-05-04T10:54:08+0200","2020-05-04T11:05:22+0200","False"
"in.c-keboola-ex-onedrive-591426957.test-2","us-east-1","5150","test-2","","2020-05-04T11:05:06+0200","2020-05-04T11:05:21+0200","2020-05-04T11:05:22+0200","196","4096","False","True","in.c-keboola-ex-onedrive-591426957","c-keboola-ex-onedrive-591426957","in","2020-05-04T10:54:08+0200","2020-05-04T11:05:22+0200","False"
"in.c-kds-team-ex-itunes-reviews-526965328.reviews","us-east-1","5150","reviews","review_id,updated,country_code","2020-06-24T08:57:33+0200","2020-06-24T08:57:55+0200","2020-06-24T08:57:55+0200","185","25600","False","True","in.c-kds-team-ex-itunes-reviews-526965328","c-kds-team-ex-itunes-reviews-526965328","in","2020-06-24T08:57:30+0200","2020-06-24T08:57:55+0200","False"
"in.c-sample_data.labor","us-east-1","5150","labor","","2020-07-02T16:29:35+0200","2020-07-02T17:34:18+0200","2020-07-02T17:34:18+0200","3","1024","False","True","in.c-sample_data","c-sample_data","in","2020-07-02T16:27:57+0200","2020-07-02T17:34:19+0200","False"
"in.c-sample_data.managers","us-east-1","5150","managers","","2020-07-02T16:28:02+0200","2020-07-02T17:34:16+0200","2020-07-02T17:34:17+0200","3","1536","False","True","in.c-sample_data","c-sample_data","in","2020-07-02T16:27:57+0200","2020-07-02T17:34:19+0200","False"
"in.c-sample_data.orders","us-east-1","5150","orders","","2020-07-02T16:29:06+0200","2020-07-02T17:34:18+0200","2020-07-02T17:34:19+0200","3","1024","False","True","in.c-sample_data","c-sample_data","in","2020-07-02T16:27:57+0200","2020-07-02T17:34:19+0200","False"
"in.c-sample_data.sales","us-east-1","5150","sales","","2020-07-02T16:28:49+0200","2020-07-02T17:34:13+0200","2020-07-02T17:34:13+0200","6","1024","False","True","in.c-sample_data","c-sample_data","in","2020-07-02T16:27:57+0200","2020-07-02T17:34:19+0200","False"
"in.c-sample_data.weather","us-east-1","5150","weather","","2020-07-02T16:28:23+0200","2020-07-02T17:34:14+0200","2020-07-02T17:34:14+0200","3","1536","False","True","in.c-sample_data","c-sample_data","in","2020-07-02T16:27:57+0200","2020-07-02T17:34:19+0200","False"
"out.c-manager_emails.mailing_list","us-east-1","5150","mailing_list","","2020-07-02T17:50:17+0200","2020-07-02T17:56:18+0200","2020-07-02T17:56:19+0200","3","3072","False","True","out.c-manager_emails","c-manager_emails","out","2020-07-02T17:50:11+0200","2020-07-02T17:56:19+0200","False"
"in.c-kds-team-app-mailgun-v2-611036344.errors","us-east-1","5150","errors","request_id","2020-07-02T17:53:22+0200","2020-07-08T16:34:41+0200","2020-07-08T16:34:41+0200","0","0","False","True","in.c-kds-team-app-mailgun-v2-611036344","c-kds-team-app-mailgun-v2-611036344","in","2020-07-02T17:52:59+0200","2020-07-08T16:34:48+0200","False"
"in.c-kds-team-app-mailgun-v2-611036344.messages","us-east-1","5150","messages","message_id","2020-07-02T17:53:06+0200","2020-07-08T16:34:47+0200","2020-07-08T16:34:48+0200","9","2560","False","True","in.c-kds-team-app-mailgun-v2-611036344","c-kds-team-app-mailgun-v2-611036344","in","2020-07-02T17:52:59+0200","2020-07-08T16:34:48+0200","False"
"out.c-data_quality.mailing_list","us-east-1","5150","mailing_list","","2020-07-02T18:18:11+0200","2020-07-02T18:26:07+0200","2020-07-02T18:26:08+0200","1","1024","False","True","out.c-data_quality","c-data_quality","out","2020-07-02T18:10:58+0200","2020-07-02T18:26:08+0200","False"
"out.c-data_quality.quality","us-east-1","5150","quality","","2020-07-02T18:11:03+0200","2020-07-02T18:11:14+0200","2020-07-02T18:11:16+0200","4","1536","False","True","out.c-data_quality","c-data_quality","out","2020-07-02T18:10:58+0200","2020-07-02T18:26:08+0200","False"
"in.c-kds-team-app-mailgun-v2-611042495.errors","us-east-1","5150","errors","request_id","2020-07-02T18:20:38+0200","2020-07-02T18:27:12+0200","2020-07-02T18:27:12+0200","2","2048","False","True","in.c-kds-team-app-mailgun-v2-611042495","c-kds-team-app-mailgun-v2-611042495","in","2020-07-02T18:20:16+0200","2020-07-02T18:27:12+0200","False"
"in.c-kds-team-app-mailgun-v2-611042495.messages","us-east-1","5150","messages","message_id","2020-07-02T18:20:20+0200","2020-07-02T18:27:11+0200","2020-07-02T18:27:12+0200","1","1536","False","True","in.c-kds-team-app-mailgun-v2-611042495","c-kds-team-app-mailgun-v2-611042495","in","2020-07-02T18:20:16+0200","2020-07-02T18:27:12+0200","False"
"in.c-kds-team-ex-azure-blob-storage-v2-618546378.test","us-east-1","5150","test","","2020-07-30T09:06:12+0200","2020-07-30T09:10:12+0200","2020-07-30T09:10:13+0200","569","84480","False","True","in.c-kds-team-ex-azure-blob-storage-v2-618546378","c-kds-team-ex-azure-blob-storage-v2-618546378","in","2020-07-30T09:06:08+0200","2020-07-30T09:10:13+0200","False"
